utility,region,datetime,year,quarter,month,market,t_d,environment,btm_methane,total,upstream_methane,marginal_ghg,adjustment_factor_applied
SCE,,2050-07-01T00:00,2050,3,7,0.6170770057593307,0.0,1.6652529924224901,0.03201816158440531,2.3295101992558624,0.0471802002055591,0.005291,0.8684823959578722
SCE,,2050-06-01T00:00,2050,2,6,0.6107321738693715,0.0,1.6652529924224901,0.03201816158440531,2.323165366497421,0.0471802002055591,0.005291,0.8684823959578722
SCE,,2050-10-01T00:00,2050,4,10,0.5727125531483792,0.0,1.6652529924224901,0.03201816158440531,2.2851457457764286,0.0471802002055591,0.005291,0.8684823959578722
SCE,,2050-04-01T00:00,2050,2,4,0.5989582283744447,0.0,1.6652529924224901,0.03201816158440531,2.3113914218709763,0.0471802002055591,0.005291,0.8684823959578722
SCE,,2050-08-01T00:00,2050,3,8,0.6220571938659685,0.0,1.6652529924224901,0.03201816158440531,2.334490386494018,0.0471802002055591,0.005291,0.8684823959578722
SCE,,2050-09-01T00:00,2050,3,9,0.5670094932727723,0.0,1.6652529924224901,0.03201816158440531,2.279442686769304,0.0471802002055591,0.005291,0.8684823959578722
SCE,,2050-05-01T00:00,2050,2,5,0.6303456711199511,0.0,1.6652529924224901,0.03201816158440531,2.342778864616483,0.0471802002055591,0.005291,0.8684823959578722
PGE,,2046-07-01T00:00,2046,3,7,0.6200810817586621,0.0,1.627270668084348,0.03170456780767243,2.294069855450385,0.04671810560737525,0.005291,0.9339189862669011
PGE,,2046-06-01T00:00,2046,2,6,0.613749147454613,0.0,1.627270668084348,0.03170456780767243,2.287737921146336,0.04671810560737525,0.005291,0.9339189862669011
PGE,,2046-04-01T00:00,2046,2,4,0.6020106384652724,0.0,1.627270668084348,0.03170456780767243,2.2759994121569957,0.04671810560737525,0.005291,0.9339189862669011
PGE,,2046-10-01T00:00,2046,4,10,0.5753777905582033,0.0,1.627270668084348,0.03170456780767243,2.2493665642499265,0.04671810560737525,0.005291,0.9339189862669011
PGE,,2046-05-01T00:00,2046,2,5,0.6335146957344313,0.0,1.627270668084348,0.03170456780767243,2.3075034703600736,0.04671810560737525,0.005291,0.9339189862669011
PGE,,2046-08-01T00:00,2046,3,8,0.6250409741998497,0.0,1.627270668084348,0.03170456780767243,2.2990297488254923,0.04671810560737525,0.005291,0.9339189862669011
PGE,,2046-09-01T00:00,2046,3,9,0.5696886848333486,0.0,1.627270668084348,0.03170456780767243,2.243677458525072,0.04671810560737525,0.005291,0.9339189862669011
PGE,,2023-10-01T00:00,2023,4,10,0.2500985566194869,0.0,0.701219589717936,0.016595746923395736,0.9757727253365989,0.02445457899917612,0.005291,0.9339189862669011
PGE,,2023-08-01T00:00,2023,3,8,0.26276468624545085,0.0,0.701219589717936,0.016595746923395736,0.9884388549625629,0.02445457899917612,0.005291,0.9339189862669011
PGE,,2023-05-01T00:00,2023,2,5,0.21847757736284226,0.0,0.701219589717936,0.016595746923395736,0.9441517460799544,0.02445457899917612,0.005291,0.9339189862669011
PGE,,2023-04-01T00:00,2023,2,4,0.21674535843589923,0.0,0.701219589717936,0.016595746923395736,0.9424195271530112,0.02445457899917612,0.005291,0.9339189862669011
PGE,,2023-07-01T00:00,2023,3,7,0.2673861815472357,0.0,0.701219589717936,0.016595746923395736,0.9930603511982667,0.02445457899917612,0.005291,0.9339189862669011
PGE,,2023-09-01T00:00,2023,3,9,0.23867317385569992,0.0,0.701219589717936,0.016595746923395736,0.964347342572812,0.02445457899917612,0.005291,0.9339189862669011
PGE,,2023-06-01T00:00,2023,2,6,0.25224877713846533,0.0,0.701219589717936,0.016595746923395736,0.9779229458555774,0.02445457899917612,0.005291,0.9339189862669011
SDGE,,2043-10-01T00:00,2043,4,10,0.5429722559547895,0.0,1.4990471436819954,0.029548982308005768,2.085561154465173,0.04354175389796602,0.005291,0.9304219216089784
SDGE,,2043-07-01T00:00,2043,3,7,0.5852637107353411,0.0,1.4990471436819954,0.029548982308005768,2.127852608315303,0.04354175389796602,0.005291,0.9304219216089784
SDGE,,2043-08-01T00:00,2043,3,8,0.5899094925438972,0.0,1.4990471436819954,0.029548982308005768,2.1324983901238586,0.04354175389796602,0.005291,0.9304219216089784
SDGE,,2043-06-01T00:00,2043,2,6,0.5793223229138982,0.0,1.4990471436819954,0.029548982308005768,2.12191122049386,0.04354175389796602,0.005291,0.9304219216089784
SDGE,,2043-04-01T00:00,2043,2,4,0.5683170942452378,0.0,1.4990471436819954,0.029548982308005768,2.110905992755621,0.04354175389796602,0.005291,0.9304219216089784
SDGE,,2043-09-01T00:00,2043,3,9,0.5376359484912044,0.0,1.4990471436819954,0.029548982308005768,2.080224847001588,0.04354175389796602,0.005291,0.9304219216089784
SDGE,,2043-05-01T00:00,2043,2,5,0.5980232741281652,0.0,1.4990471436819954,0.029548982308005768,2.140612171708127,0.04354175389796602,0.005291,0.9304219216089784
SDGE,,2050-06-01T00:00,2050,2,6,0.6542891432741639,0.0,1.7840176109338104,0.034301673317042355,2.488851811587908,0.05054505737993332,0.005291,0.9304219216089784
SDGE,,2050-10-01T00:00,2050,4,10,0.6135579911693996,0.0,1.7840176109338104,0.034301673317042355,2.4481206594831435,0.05054505737993332,0.005291,0.9304219216089784
SDGE,,2050-07-01T00:00,2050,3,7,0.6610864839074541,0.0,1.7840176109338104,0.034301673317042355,2.4956491531516196,0.05054505737993332,0.005291,0.9304219216089784
SDGE,,2050-05-01T00:00,2050,2,5,0.6753014607215769,0.0,1.7840176109338104,0.034301673317042355,2.509864129965743,0.05054505737993332,0.005291,0.9304219216089784
SDGE,,2050-04-01T00:00,2050,2,4,0.6416754886470866,0.0,1.7840176109338104,0.034301673317042355,2.4762381578912525,0.05054505737993332,0.005291,0.9304219216089784
SDGE,,2050-09-01T00:00,2050,3,9,0.6074481932584576,0.0,1.7840176109338104,0.034301673317042355,2.4420108625026233,0.05054505737993332,0.005291,0.9304219216089784
SDGE,,2050-08-01T00:00,2050,3,8,0.666421855366586,0.0,1.7840176109338104,0.034301673317042355,2.5009845236803296,0.05054505737993332,0.005291,0.9304219216089784
PGE,,2036-06-01T00:00,2036,2,6,0.5062511636843351,0.0,1.2185852457425574,0.024887424299579217,1.761509148867566,0.03667273944067343,0.005291,0.9339189862669011
PGE,,2036-05-01T00:00,2036,2,5,0.5227023483539276,0.0,1.2185852457425574,0.024887424299579217,1.7779603335371585,0.03667273944067343,0.005291,0.9339189862669011
PGE,,2036-08-01T00:00,2036,3,8,0.515326774525429,0.0,1.2185852457425574,0.024887424299579217,1.77058475970866,0.03667273944067343,0.005291,0.9339189862669011
PGE,,2036-09-01T00:00,2036,3,9,0.4695820571885182,0.0,1.2185852457425574,0.024887424299579217,1.7248400423717491,0.03667273944067343,0.005291,0.9339189862669011
PGE,,2036-04-01T00:00,2036,2,4,0.4968190414111806,0.0,1.2185852457425574,0.024887424299579217,1.7520770275283306,0.03667273944067343,0.005291,0.9339189862669011
PGE,,2036-10-01T00:00,2036,4,10,0.4741620239147407,0.0,1.2185852457425574,0.024887424299579217,1.7294200090979717,0.03667273944067343,0.005291,0.9339189862669011
PGE,,2036-07-01T00:00,2036,3,7,0.5113557117712246,0.0,1.2185852457425574,0.024887424299579217,1.7666136969544557,0.03667273944067343,0.005291,0.9339189862669011
PGE,,2030-07-01T00:00,2030,3,7,0.4489976842304625,0.0,0.9733521390067721,0.020796312797123222,1.452994124960745,0.03064430265742943,0.005291,0.9339189862669011
PGE,,2030-06-01T00:00,2030,2,6,0.44458816332274764,0.0,0.9733521390067721,0.020796312797123222,1.4485846049869493,0.03064430265742943,0.005291,0.9339189862669011
PGE,,2030-05-01T00:00,2030,2,5,0.4600056547050944,0.0,0.9733521390067721,0.020796312797123222,1.464002095435377,0.03064430265742943,0.005291,0.9339189862669011
PGE,,2030-09-01T00:00,2030,3,9,0.41218373623906546,0.0,0.9733521390067721,0.020796312797123222,1.4161801779032672,0.03064430265742943,0.005291,0.9339189862669011
PGE,,2030-08-01T00:00,2030,3,8,0.4524106949014508,0.0,0.9733521390067721,0.020796312797123222,1.4564071356317334,0.03064430265742943,0.005291,0.9339189862669011
PGE,,2030-04-01T00:00,2030,2,4,0.4371283210501992,0.0,0.9733521390067721,0.020796312797123222,1.4411247617804817,0.03064430265742943,0.005291,0.9339189862669011
PGE,,2030-10-01T00:00,2030,4,10,0.4161360739175951,0.0,0.9733521390067721,0.020796312797123222,1.4201325155817968,0.03064430265742943,0.005291,0.9339189862669011
SCE,,2022-10-01T00:00,2022,4,10,0.2308365866299153,0.0,0.6172722961848154,0.014954739689580214,0.8701453643126876,0.02203648149795687,0.005291,0.8684823959578722
SCE,,2022-07-01T00:00,2022,3,7,0.24769136431393549,0.0,0.6172722961848154,0.014954739689580214,0.8870001411282253,0.02203648149795687,0.005291,0.8684823959578722
SCE,,2022-09-01T00:00,2022,3,9,0.22065786352050715,0.0,0.6172722961848154,0.014954739689580214,0.8599666412032795,0.02203648149795687,0.005291,0.8684823959578722
SCE,,2022-05-01T00:00,2022,2,5,0.2022595503122814,0.0,0.6172722961848154,0.014954739689580214,0.8415683279950537,0.02203648149795687,0.005291,0.8684823959578722
SCE,,2022-06-01T00:00,2022,2,6,0.23365198248915262,0.0,0.6172722961848154,0.014954739689580214,0.8729607601719248,0.02203648149795687,0.005291,0.8684823959578722
SCE,,2022-08-01T00:00,2022,3,8,0.24316405069508193,0.0,0.6172722961848154,0.014954739689580214,0.8824728283778541,0.02203648149795687,0.005291,0.8684823959578722
SCE,,2022-04-01T00:00,2022,2,4,0.201004265832259,0.0,0.6172722961848154,0.014954739689580214,0.8403130435150312,0.02203648149795687,0.005291,0.8684823959578722
PGE,,2024-10-01T00:00,2024,4,10,0.2489623657234983,0.0,0.7414238279992234,0.017124431924088527,1.0156198133852392,0.02523361966251748,0.005291,0.9339189862669011
PGE,,2024-06-01T00:00,2024,2,6,0.25487634139578547,0.0,0.7414238279992234,0.017124431924088527,1.0215337890575262,0.02523361966251748,0.005291,0.9339189862669011
PGE,,2024-07-01T00:00,2024,3,7,0.2695457496613476,0.0,0.7414238279992234,0.017124431924088527,1.0362031973230885,0.02523361966251748,0.005291,0.9339189862669011
PGE,,2024-08-01T00:00,2024,3,8,0.2645016868376036,0.0,0.7414238279992234,0.017124431924088527,1.0311591344993443,0.02523361966251748,0.005291,0.9339189862669011
PGE,,2024-04-01T00:00,2024,2,4,0.2204173840663768,0.0,0.7414238279992234,0.017124431924088527,0.9870748317281176,0.02523361966251748,0.005291,0.9339189862669011
PGE,,2024-05-01T00:00,2024,2,5,0.22157444244819446,0.0,0.7414238279992234,0.017124431924088527,0.9882318901099353,0.02523361966251748,0.005291,0.9339189862669011
PGE,,2024-09-01T00:00,2024,3,9,0.23997217484856434,0.0,0.7414238279992234,0.017124431924088527,1.006629622510305,0.02523361966251748,0.005291,0.9339189862669011
PGE,,2039-07-01T00:00,2039,3,7,0.543973322674064,0.0,1.341229116707758,0.02693401343216552,1.9248909190351058,0.03968847965328355,0.005291,0.9339189862669011
PGE,,2039-10-01T00:00,2039,4,10,0.5045267541879551,0.0,1.341229116707758,0.02693401343216552,1.8854443505489968,0.03968847965328355,0.005291,0.9339189862669011
PGE,,2039-08-01T00:00,2039,3,8,0.5482410345211471,0.0,1.341229116707758,0.02693401343216552,1.9291586308821889,0.03968847965328355,0.005291,0.9339189862669011
PGE,,2039-06-01T00:00,2039,2,6,0.5385005583484589,0.0,1.341229116707758,0.02693401343216552,1.9194181547095006,0.03968847965328355,0.005291,0.9339189862669011
PGE,,2039-04-01T00:00,2039,2,4,0.5283765207141919,0.0,1.341229116707758,0.02693401343216552,1.9092941170752336,0.03968847965328355,0.005291,0.9339189862669011
PGE,,2039-05-01T00:00,2039,2,5,0.5559460529416462,0.0,1.341229116707758,0.02693401343216552,1.936863649302688,0.03968847965328355,0.005291,0.9339189862669011
PGE,,2039-09-01T00:00,2039,3,9,0.4996140452017916,0.0,1.341229116707758,0.02693401343216552,1.880531641562833,0.03968847965328355,0.005291,0.9339189862669011
PGE,,2033-04-01T00:00,2033,2,4,0.46530229218299834,0.0,1.0961052784933658,0.022847031719466795,1.5950736989625183,0.03366612828615406,0.005291,0.9339189862669011
PGE,,2033-07-01T00:00,2033,3,7,0.47880968108908784,0.0,1.0961052784933658,0.022847031719466795,1.6085810878686078,0.03366612828615406,0.005291,0.9339189862669011
PGE,,2033-05-01T00:00,2033,2,5,0.489498958247089,0.0,1.0961052784933658,0.022847031719466795,1.619270365026609,0.03366612828615406,0.005291,0.9339189862669011
PGE,,2033-06-01T00:00,2033,2,6,0.47406985171431004,0.0,1.0961052784933658,0.022847031719466795,1.60384125849383,0.03366612828615406,0.005291,0.9339189862669011
PGE,,2033-08-01T00:00,2033,3,8,0.4824874820745765,0.0,1.0961052784933658,0.022847031719466795,1.6122588888540963,0.03366612828615406,0.005291,0.9339189862669011
PGE,,2033-10-01T00:00,2033,4,10,0.4438714776283623,0.0,1.0961052784933658,0.022847031719466795,1.5736428844078822,0.03366612828615406,0.005291,0.9339189862669011
PGE,,2033-09-01T00:00,2033,3,9,0.4396209592298164,0.0,1.0961052784933658,0.022847031719466795,1.5693923660093363,0.03366612828615406,0.005291,0.9339189862669011
SCE,,2033-06-01T00:00,2033,2,6,0.4408533574351951,0.0,1.0193048353082048,0.021246216363543756,1.4914654476408054,0.03130725489740524,0.005291,0.8684823959578722
SCE,,2033-09-01T00:00,2033,3,9,0.4088181840176178,0.0,1.0193048353082048,0.021246216363543756,1.459430274223228,0.03130725489740524,0.005291,0.8684823959578722
SCE,,2033-05-01T00:00,2033,2,5,0.45520139790350145,0.0,1.0193048353082048,0.021246216363543756,1.5058134881091114,0.03130725489740524,0.005291,0.8684823959578722
SCE,,2033-08-01T00:00,2033,3,8,0.4486811924948441,0.0,1.0193048353082048,0.021246216363543756,1.4992932827004541,0.03130725489740524,0.005291,0.8684823959578722
SCE,,2033-10-01T00:00,2033,4,10,0.41277088276035134,0.0,1.0193048353082048,0.021246216363543756,1.4633829729659613,0.03130725489740524,0.005291,0.8684823959578722
SCE,,2033-07-01T00:00,2033,3,7,0.44526108276509013,0.0,1.0193048353082048,0.021246216363543756,1.4958731729707002,0.03130725489740524,0.005291,0.8684823959578722
SCE,,2033-04-01T00:00,2033,2,4,0.4327001115750871,0.0,1.0193048353082048,0.021246216363543756,1.4833122017806972,0.03130725489740524,0.005291,0.8684823959578722
SCE,,2020-10-01T00:00,2020,4,10,0.22732017175575597,0.0,0.5306408132938938,0.013134129621144975,0.7773147157416688,0.019353730692019042,0.005291,0.8684823959578722
SCE,,2020-07-01T00:00,2020,3,7,0.22619486261414784,0.0,0.5306408132938938,0.013134129621144975,0.7761894066000606,0.019353730692019042,0.005291,0.8684823959578722
SCE,,2020-06-01T00:00,2020,2,6,0.2067613948163911,0.0,0.5306408132938938,0.013134129621144975,0.7567559379338216,0.019353730692019042,0.005291,0.8684823959578722
SCE,,2020-05-01T00:00,2020,2,5,0.16953340361565603,0.0,0.5306408132938938,0.013134129621144975,0.7195279476015688,0.019353730692019042,0.005291,0.8684823959578722
SCE,,2020-04-01T00:00,2020,2,4,0.1656309031554088,0.0,0.5306408132938938,0.013134129621144975,0.7156254462728392,0.019353730692019042,0.005291,0.8684823959578722
SCE,,2020-09-01T00:00,2020,3,9,0.207449476917543,0.0,0.5306408132938938,0.013134129621144975,0.7574440200349734,0.019353730692019042,0.005291,0.8684823959578722
SCE,,2020-08-01T00:00,2020,3,8,0.217257476157483,0.0,0.5306408132938938,0.013134129621144975,0.7672520201433958,0.019353730692019042,0.005291,0.8684823959578722
SDGE,,2042-06-01T00:00,2042,2,6,0.5686127776798154,0.0,1.4583370767988189,0.02887002644957197,2.069491136849357,0.042541281440301025,0.005291,0.9304219216089784
SDGE,,2042-07-01T00:00,2042,3,7,0.5744318857306331,0.0,1.4583370767988189,0.02887002644957197,2.075310244900175,0.042541281440301025,0.005291,0.9304219216089784
SDGE,,2042-08-01T00:00,2042,3,8,0.5789791553965511,0.0,1.4583370767988189,0.02887002644957197,2.079857514566093,0.042541281440301025,0.005291,0.9304219216089784
SDGE,,2042-10-01T00:00,2042,4,10,0.5328885804259814,0.0,1.4583370767988189,0.02887002644957197,2.033766938665101,0.042541281440301025,0.005291,0.9304219216089784
SDGE,,2042-09-01T00:00,2042,3,9,0.5276627708002285,0.0,1.4583370767988189,0.02887002644957197,2.02854112996977,0.042541281440301025,0.005291,0.9304219216089784
SDGE,,2042-05-01T00:00,2042,2,5,0.5869835323887448,0.0,1.4583370767988189,0.02887002644957197,2.0878618915582865,0.042541281440301025,0.005291,0.9304219216089784
SDGE,,2042-04-01T00:00,2042,2,4,0.557837324148072,0.0,1.4583370767988189,0.02887002644957197,2.058715683317614,0.042541281440301025,0.005291,0.9304219216089784
SDGE,,2029-06-01T00:00,2029,2,6,0.43224451179617795,0.0,0.9288884904487089,0.02003536977761404,1.390656022059592,0.029523018884283266,0.005291,0.9304219216089784
SDGE,,2029-08-01T00:00,2029,3,8,0.44016556206191615,0.0,0.9288884904487089,0.02003536977761404,1.3985770723253301,0.029523018884283266,0.005291,0.9304219216089784
SDGE,,2029-05-01T00:00,2029,2,5,0.4462201077974653,0.0,0.9288884904487089,0.02003536977761404,1.4046316171304574,0.029523018884283266,0.005291,0.9304219216089784
SDGE,,2029-07-01T00:00,2029,3,7,0.4366882962142869,0.0,0.9288884904487089,0.02003536977761404,1.3950998055472792,0.029523018884283266,0.005291,0.9304219216089784
SDGE,,2029-04-01T00:00,2029,2,4,0.4240377419842205,0.0,0.9288884904487089,0.02003536977761404,1.3824492513172126,0.029523018884283266,0.005291,0.9304219216089784
SDGE,,2029-10-01T00:00,2029,4,10,0.40516294794685426,0.0,0.9288884904487089,0.02003536977761404,1.3635744572798465,0.029523018884283266,0.005291,0.9304219216089784
SDGE,,2029-09-01T00:00,2029,3,9,0.4011711429594026,0.0,0.9288884904487089,0.02003536977761404,1.3595826522923948,0.029523018884283266,0.005291,0.9304219216089784
SDGE,,2027-08-01T00:00,2027,3,8,0.387377703101084,0.0,0.8488290987427086,0.01872889457583875,1.263804669843324,0.027597867999531386,0.005291,0.9304219216089784
SDGE,,2027-07-01T00:00,2027,3,7,0.3861014405599472,0.0,0.8488290987427086,0.01872889457583875,1.2625284082326091,0.027597867999531386,0.005291,0.9304219216089784
SDGE,,2027-06-01T00:00,2027,2,6,0.3792091736301047,0.0,0.8488290987427086,0.01872889457583875,1.2556361413027666,0.027597867999531386,0.005291,0.9304219216089784
SDGE,,2027-05-01T00:00,2027,2,5,0.3810020743429191,0.0,0.8488290987427086,0.01872889457583875,1.257429042015581,0.027597867999531386,0.005291,0.9304219216089784
SDGE,,2027-04-01T00:00,2027,2,4,0.36454848935949824,0.0,0.8488290987427086,0.01872889457583875,1.2409754570321603,0.027597867999531386,0.005291,0.9304219216089784
SDGE,,2027-10-01T00:00,2027,4,10,0.3579278191015269,0.0,0.8488290987427086,0.01872889457583875,1.2343547867741889,0.027597867999531386,0.005291,0.9304219216089784
SDGE,,2027-09-01T00:00,2027,3,9,0.35277983554782893,0.0,0.8488290987427086,0.01872889457583875,1.2292068032204908,0.027597867999531386,0.005291,0.9304219216089784
SDGE,,2048-09-01T00:00,2048,3,9,0.5875018378765058,0.0,1.702597478097879,0.03294376160017476,2.33864342936941,0.04854411339502524,0.005291,0.9304219216089784
SDGE,,2048-07-01T00:00,2048,3,7,0.639422833898038,0.0,1.702597478097879,0.03294376160017476,2.390564425390942,0.04854411339502524,0.005291,0.9304219216089784
SDGE,,2048-04-01T00:00,2048,2,4,0.620715947522333,0.0,1.702597478097879,0.03294376160017476,2.3718575390152368,0.04854411339502524,0.005291,0.9304219216089784
SDGE,,2048-05-01T00:00,2048,2,5,0.6532219791035798,0.0,1.702597478097879,0.03294376160017476,2.4043635705964843,0.04854411339502524,0.005291,0.9304219216089784
SDGE,,2048-08-01T00:00,2048,3,8,0.6445611801414718,0.0,1.702597478097879,0.03294376160017476,2.395702771634376,0.04854411339502524,0.005291,0.9304219216089784
SDGE,,2048-06-01T00:00,2048,2,6,0.6328700518755768,0.0,1.702597478097879,0.03294376160017476,2.384011643368481,0.04854411339502524,0.005291,0.9304219216089784
SDGE,,2048-10-01T00:00,2048,4,10,0.5933906382509396,0.0,1.702597478097879,0.03294376160017476,2.344532229743844,0.04854411339502524,0.005291,0.9304219216089784
SCE,,2042-09-01T00:00,2042,3,9,0.49253550115185707,0.0,1.361253479907492,0.026948107261845773,1.8934982290707831,0.03970924714295153,0.005291,0.8684823959578722
SCE,,2042-08-01T00:00,2042,3,8,0.5404356802115244,0.0,1.361253479907492,0.026948107261845773,1.9413984081304505,0.03970924714295153,0.005291,0.8684823959578722
SCE,,2042-07-01T00:00,2042,3,7,0.5361911288281116,0.0,1.361253479907492,0.026948107261845773,1.9371538567470377,0.03970924714295153,0.005291,0.8684823959578722
SCE,,2042-04-01T00:00,2042,2,4,0.5207012910799098,0.0,1.361253479907492,0.026948107261845773,1.9216640189988359,0.03970924714295153,0.005291,0.8684823959578722
SCE,,2042-10-01T00:00,2042,4,10,0.49741342111395886,0.0,1.361253479907492,0.026948107261845773,1.8983761481644024,0.03970924714295153,0.005291,0.8684823959578722
SCE,,2042-06-01T00:00,2042,2,6,0.530759407170509,0.0,1.361253479907492,0.026948107261845773,1.931722135089435,0.03970924714295153,0.005291,0.8684823959578722
SCE,,2042-05-01T00:00,2042,2,5,0.5479071943137598,0.0,1.361253479907492,0.026948107261845773,1.948869922232686,0.03970924714295153,0.005291,0.8684823959578722
SDGE,,2026-07-01T00:00,2026,3,7,0.34691310478137577,0.0,0.8109493753450664,0.018156926073326928,1.184617527289128,0.026755046232263817,0.005291,0.9304219216089784
SDGE,,2026-09-01T00:00,2026,3,9,0.31487775597225437,0.0,0.8109493753450664,0.018156926073326928,1.1525821784800065,0.026755046232263817,0.005291,0.9304219216089784
SDGE,,2026-06-01T00:00,2026,2,6,0.33744676791924294,0.0,0.8109493753450664,0.018156926073326928,1.1751511904269951,0.026755046232263817,0.005291,0.9304219216089784
SDGE,,2026-08-01T00:00,2026,3,8,0.3460888877308527,0.0,0.8109493753450664,0.018156926073326928,1.183793310238605,0.026755046232263817,0.005291,0.9304219216089784
SDGE,,2026-04-01T00:00,2026,2,4,0.3162296692589933,0.0,0.8109493753450664,0.018156926073326928,1.1539340917667456,0.026755046232263817,0.005291,0.9304219216089784
SDGE,,2026-10-01T00:00,2026,4,10,0.32129525464731357,0.0,0.8109493753450664,0.018156926073326928,1.1589996762246437,0.026755046232263817,0.005291,0.9304219216089784
SDGE,,2026-05-01T00:00,2026,2,5,0.32758296783810564,0.0,0.8109493753450664,0.018156926073326928,1.1652873903458578,0.026755046232263817,0.005291,0.9304219216089784
PGE,,2044-10-01T00:00,2044,4,10,0.555134637042727,0.0,1.5455445102813454,0.030341552271813312,2.1453887891736376,0.04470964091564633,0.005291,0.9339189862669011
PGE,,2044-06-01T00:00,2044,2,6,0.5922495507005573,0.0,1.5455445102813454,0.030341552271813312,2.182503701897549,0.04470964091564633,0.005291,0.9339189862669011
PGE,,2044-07-01T00:00,2044,3,7,0.5983360072008231,0.0,1.5455445102813454,0.030341552271813312,2.188590159331734,0.04470964091564633,0.005291,0.9339189862669011
PGE,,2044-09-01T00:00,2044,3,9,0.5496673594911663,0.0,1.5455445102813454,0.030341552271813312,2.139921510688158,0.04470964091564633,0.005291,0.9339189862669011
PGE,,2044-05-01T00:00,2044,2,5,0.6113522266318983,0.0,1.5455445102813454,0.030341552271813312,2.2016063778288903,0.04470964091564633,0.005291,0.9339189862669011
PGE,,2044-08-01T00:00,2044,3,8,0.603098134825317,0.0,1.5455445102813454,0.030341552271813312,2.1933522860223085,0.04470964091564633,0.005291,0.9339189862669011
PGE,,2044-04-01T00:00,2044,2,4,0.5809723192412378,0.0,1.5455445102813454,0.030341552271813312,2.1712264713721487,0.04470964091564633,0.005291,0.9339189862669011
PGE,,2038-05-01T00:00,2038,2,5,0.5448648183903797,0.0,1.3004206720669533,0.026254570559114596,1.88397278000585,0.03868729048243584,0.005291,0.9339189862669011
PGE,,2038-08-01T00:00,2038,3,8,0.5372696148338807,0.0,1.3004206720669533,0.026254570559114596,1.8763775764493509,0.03868729048243584,0.005291,0.9339189862669011
PGE,,2038-09-01T00:00,2038,3,9,0.48960338253070057,0.0,1.3004206720669533,0.026254570559114596,1.8287113450800898,0.03868729048243584,0.005291,0.9339189862669011
PGE,,2038-10-01T00:00,2038,4,10,0.494405177430217,0.0,1.3004206720669533,0.026254570559114596,1.8335131399796063,0.03868729048243584,0.005291,0.9339189862669011
PGE,,2038-04-01T00:00,2038,2,4,0.5178573615691342,0.0,1.3004206720669533,0.026254570559114596,1.8569653231846044,0.03868729048243584,0.005291,0.9339189862669011
PGE,,2038-06-01T00:00,2038,2,6,0.5277507604383906,0.0,1.3004206720669533,0.026254570559114596,1.8668587229877798,0.03868729048243584,0.005291,0.9339189862669011
PGE,,2038-07-01T00:00,2038,3,7,0.5331007853951446,0.0,1.3004206720669533,0.026254570559114596,1.8722087479445337,0.03868729048243584,0.005291,0.9339189862669011
PGE,,2047-04-01T00:00,2047,2,4,0.6125297985442493,0.0,1.6681337469858493,0.03238607557560199,2.3283858830163786,0.0477223384201992,0.005291,0.9339189862669011
PGE,,2047-05-01T00:00,2047,2,5,0.644595930285698,0.0,1.6681337469858493,0.03238607557560199,2.3604520156917466,0.0477223384201992,0.005291,0.9339189862669011
PGE,,2047-09-01T00:00,2047,3,9,0.5796993475044396,0.0,1.6681337469858493,0.03238607557560199,2.295555432910488,0.0477223384201992,0.005291,0.9339189862669011
PGE,,2047-08-01T00:00,2047,3,8,0.6360123948210352,0.0,1.6681337469858493,0.03238607557560199,2.351868479293165,0.0477223384201992,0.005291,0.9339189862669011
PGE,,2047-10-01T00:00,2047,4,10,0.5854993673159414,0.0,1.6681337469858493,0.03238607557560199,2.30135545272199,0.0477223384201992,0.005291,0.9339189862669011
PGE,,2047-06-01T00:00,2047,2,6,0.6244989453646812,0.0,1.6681337469858493,0.03238607557560199,2.3403550307707297,0.0477223384201992,0.005291,0.9339189862669011
PGE,,2047-07-01T00:00,2047,3,7,0.6309536190375815,0.0,1.6681337469858493,0.03238607557560199,2.346809703509711,0.0477223384201992,0.005291,0.9339189862669011
SDGE,,2037-10-01T00:00,2037,4,10,0.4824701981298313,0.0,1.2548956026781855,0.025479361483140336,1.7749107863109217,0.037544985502904936,0.005291,0.9304219216089784
SDGE,,2037-04-01T00:00,2037,2,4,0.5054384708709768,0.0,1.2548956026781855,0.025479361483140336,1.7978790590520672,0.037544985502904936,0.005291,0.9304219216089784
SDGE,,2037-09-01T00:00,2037,3,9,0.47779688234534906,0.0,1.2548956026781855,0.025479361483140336,1.7702374705264392,0.037544985502904936,0.005291,0.9304219216089784
SDGE,,2037-06-01T00:00,2037,2,6,0.5150650487181369,0.0,1.2548956026781855,0.025479361483140336,1.8075056368992273,0.037544985502904936,0.005291,0.9304219216089784
SDGE,,2037-05-01T00:00,2037,2,5,0.5317848274133301,0.0,1.2548956026781855,0.025479361483140336,1.8242254155944204,0.037544985502904936,0.005291,0.9304219216089784
SDGE,,2037-08-01T00:00,2037,3,8,0.5243274677989765,0.0,1.2548956026781855,0.025479361483140336,1.816768055980067,0.037544985502904936,0.005291,0.9304219216089784
SDGE,,2037-07-01T00:00,2037,3,7,0.5202727616375145,0.0,1.2548956026781855,0.025479361483140336,1.8127133498186048,0.037544985502904936,0.005291,0.9304219216089784
SCE,,2032-08-01T00:00,2032,3,8,0.43902937244416923,0.0,0.9811016712546156,0.020604777846431565,1.4504931100980565,0.030362066399271574,0.005291,0.8684823959578722
SCE,,2032-06-01T00:00,2032,2,6,0.43140990281247604,0.0,0.9811016712546156,0.020604777846431565,1.442873639597881,0.030362066399271574,0.005291,0.8684823959578722
SCE,,2032-10-01T00:00,2032,4,10,0.4038541574998864,0.0,0.9811016712546156,0.020604777846431565,1.4153178951537735,0.030362066399271574,0.005291,0.8684823959578722
SCE,,2032-09-01T00:00,2032,3,9,0.40000535704314605,0.0,0.9811016712546156,0.020604777846431565,1.4114690946970332,0.030362066399271574,0.005291,0.8684823959578722
SCE,,2032-04-01T00:00,2032,2,4,0.4235302349864716,0.0,0.9811016712546156,0.020604777846431565,1.4349939717718763,0.030362066399271574,0.005291,0.8684823959578722
SCE,,2032-05-01T00:00,2032,2,5,0.445549670780443,0.0,0.9811016712546156,0.020604777846431565,1.45701340843433,0.030362066399271574,0.005291,0.8684823959578722
SCE,,2032-07-01T00:00,2032,3,7,0.43570301799450606,0.0,0.9811016712546156,0.020604777846431565,1.447166754779911,0.030362066399271574,0.005291,0.8684823959578722
SCE,,2034-06-01T00:00,2034,2,6,0.4506600148698334,0.0,1.0574063860529845,0.02188381445150102,1.5403131852870648,0.03224678436424684,0.005291,0.8684823959578722
SCE,,2034-07-01T00:00,2034,3,7,0.45517212136193375,0.0,1.0574063860529845,0.02188381445150102,1.5448252917791652,0.03224678436424684,0.005291,0.8684823959578722
SCE,,2034-04-01T00:00,2034,2,4,0.4423686021453524,0.0,1.0574063860529845,0.02188381445150102,1.5320217725625838,0.03224678436424684,0.005291,0.8684823959578722
SCE,,2034-10-01T00:00,2034,4,10,0.4219763176237047,0.0,1.0574063860529845,0.02188381445150102,1.5116294880409362,0.03224678436424684,0.005291,0.8684823959578722
SCE,,2034-08-01T00:00,2034,3,8,0.4586747369193037,0.0,1.0574063860529845,0.02188381445150102,1.5483279082050174,0.03224678436424684,0.005291,0.8684823959578722
SCE,,2034-05-01T00:00,2034,2,5,0.46539373881687823,0.0,1.0574063860529845,0.02188381445150102,1.555046910102592,0.03224678436424684,0.005291,0.8684823959578722
SCE,,2034-09-01T00:00,2034,3,9,0.4179296621129644,0.0,1.0574063860529845,0.02188381445150102,1.5075828333986783,0.03224678436424684,0.005291,0.8684823959578722
SCE,,2023-09-01T00:00,2023,3,9,0.22195014013970302,0.0,0.6520874704615828,0.015432938255548163,0.8967787387651327,0.022741128163846873,0.005291,0.8684823959578722
SCE,,2023-04-01T00:00,2023,2,4,0.20155873365375757,0.0,0.6520874704615828,0.015432938255548163,0.8763873322791871,0.022741128163846873,0.005291,0.8684823959578722
SCE,,2023-10-01T00:00,2023,4,10,0.2325749844177844,0.0,0.6520874704615828,0.015432938255548163,0.907403583043214,0.022741128163846873,0.005291,0.8684823959578722
SCE,,2023-08-01T00:00,2023,3,8,0.24435364056122685,0.0,0.6520874704615828,0.015432938255548163,0.9191822391866565,0.022741128163846873,0.005291,0.8684823959578722
SCE,,2023-05-01T00:00,2023,2,5,0.20316958177454428,0.0,0.6520874704615828,0.015432938255548163,0.877998180399974,0.022741128163846873,0.005291,0.8684823959578722
SCE,,2023-07-01T00:00,2023,3,7,0.24865132309217725,0.0,0.6520874704615828,0.015432938255548163,0.9234799225860894,0.022741128163846873,0.005291,0.8684823959578722
SCE,,2023-06-01T00:00,2023,2,6,0.23457454615238918,0.0,0.6520874704615828,0.015432938255548163,0.9094031447778188,0.022741128163846873,0.005291,0.8684823959578722
SCE,,2043-06-01T00:00,2043,2,6,0.5407560025736255,0.0,1.399253419080427,0.027581864052165714,1.9806525383640716,0.040643116710018676,0.005291,0.8684823959578722
SCE,,2043-05-01T00:00,2043,2,5,0.5582120045658956,0.0,1.399253419080427,0.027581864052165714,1.9981085403563412,0.040643116710018676,0.005291,0.8684823959578722
SCE,,2043-04-01T00:00,2043,2,4,0.5304834078074855,0.0,1.399253419080427,0.027581864052165714,1.9703799444664138,0.040643116710018676,0.005291,0.8684823959578722
SCE,,2043-09-01T00:00,2043,3,9,0.5018447500584112,0.0,1.399253419080427,0.027581864052165714,1.9417412867173396,0.040643116710018676,0.005291,0.8684823959578722
SCE,,2043-08-01T00:00,2043,3,8,0.5506383690926491,0.0,1.399253419080427,0.027581864052165714,1.9905349048830947,0.040643116710018676,0.005291,0.8684823959578722
SCE,,2043-10-01T00:00,2043,4,10,0.5068258118583393,0.0,1.399253419080427,0.027581864052165714,1.9467223485172676,0.040643116710018676,0.005291,0.8684823959578722
SCE,,2043-07-01T00:00,2043,3,7,0.5463018636616346,0.0,1.399253419080427,0.027581864052165714,1.9861983994520804,0.040643116710018676,0.005291,0.8684823959578722
PGE,,2025-07-01T00:00,2025,3,7,0.3088813769771588,0.0,0.7764123706272275,0.017667573056769737,1.1113277106223218,0.026033963017935587,0.005291,0.9339189862669011
PGE,,2025-04-01T00:00,2025,2,4,0.2689178142882273,0.0,0.7764123706272275,0.017667573056769737,1.0713641469994715,0.026033963017935587,0.005291,0.9339189862669011
PGE,,2025-06-01T00:00,2025,2,6,0.29679571442400016,0.0,0.7764123706272275,0.017667573056769737,1.0992420480691634,0.026033963017935587,0.005291,0.9339189862669011
PGE,,2025-05-01T00:00,2025,2,5,0.2751943289057124,0.0,0.7764123706272275,0.017667573056769737,1.0776406616169565,0.026033963017935587,0.005291,0.9339189862669011
PGE,,2025-08-01T00:00,2025,3,8,0.30594568856437554,0.0,0.7764123706272275,0.017667573056769737,1.1083920212756195,0.026033963017935587,0.005291,0.9339189862669011
PGE,,2025-09-01T00:00,2025,3,9,0.2780167114653248,0.0,0.7764123706272275,0.017667573056769737,1.080463045110488,0.026033963017935587,0.005291,0.9339189862669011
PGE,,2025-10-01T00:00,2025,4,10,0.2857326165794469,0.0,0.7764123706272275,0.017667573056769737,1.08817895022461,0.026033963017935587,0.005291,0.9339189862669011
PGE,,2037-05-01T00:00,2037,2,5,0.5337835829051941,0.0,1.2596122274261488,0.02557512768606367,1.8310819116429309,0.03768610131158813,0.005291,0.9339189862669011
PGE,,2037-06-01T00:00,2037,2,6,0.5170009615944033,0.0,1.2596122274261488,0.02557512768606367,1.8142992903321402,0.03768610131158813,0.005291,0.9339189862669011
PGE,,2037-08-01T00:00,2037,3,8,0.5262981942126954,0.0,1.2596122274261488,0.02557512768606367,1.823596522950432,0.03768610131158813,0.005291,0.9339189862669011
PGE,,2037-04-01T00:00,2037,2,4,0.5073382014901574,0.0,1.2596122274261488,0.02557512768606367,1.8046365302278942,0.03768610131158813,0.005291,0.9339189862669011
PGE,,2037-07-01T00:00,2037,3,7,0.5222282481162251,0.0,1.2596122274261488,0.02557512768606367,1.819526576853962,0.03768610131158813,0.005291,0.9339189862669011
PGE,,2037-09-01T00:00,2037,3,9,0.4795927198596094,0.0,1.2596122274261488,0.02557512768606367,1.7768910485973461,0.03768610131158813,0.005291,0.9339189862669011
PGE,,2037-10-01T00:00,2037,4,10,0.4842836006724789,0.0,1.2596122274261488,0.02557512768606367,1.7815819294102158,0.03768610131158813,0.005291,0.9339189862669011
SDGE,,2035-09-01T00:00,2035,3,9,0.4579211515697789,0.0,1.1734210392294178,0.02411939260340406,1.666883201002573,0.03554100927295434,0.005291,0.9304219216089784
SDGE,,2035-06-01T00:00,2035,2,6,0.49371378600805704,0.0,1.1734210392294178,0.02411939260340406,1.702675835440851,0.03554100927295434,0.005291,0.9304219216089784
SDGE,,2035-08-01T00:00,2035,3,8,0.5025414794023537,0.0,1.1734210392294178,0.02411939260340406,1.711503528835148,0.03554100927295434,0.005291,0.9304219216089784
SDGE,,2035-04-01T00:00,2035,2,4,0.48451950637664654,0.0,1.1734210392294178,0.02411939260340406,1.6934815558094407,0.03554100927295434,0.005291,0.9304219216089784
SDGE,,2035-10-01T00:00,2035,4,10,0.46237675048544846,0.0,1.1734210392294178,0.02411939260340406,1.6713387999182425,0.03554100927295434,0.005291,0.9304219216089784
SDGE,,2035-07-01T00:00,2035,3,7,0.49868042567712384,0.0,1.1734210392294178,0.02411939260340406,1.707642474179496,0.03554100927295434,0.005291,0.9304219216089784
SDGE,,2035-05-01T00:00,2035,2,5,0.5097455093184231,0.0,1.1734210392294178,0.02411939260340406,1.7187075578207953,0.03554100927295434,0.005291,0.9304219216089784
SDGE,,2046-06-01T00:00,2046,2,6,0.6114509604769897,0.0,1.6211773443315256,0.03158584988330716,2.2791714742186326,0.04654316941011717,0.005291,0.9304219216089784
SDGE,,2046-09-01T00:00,2046,3,9,0.5675554824945541,0.0,1.6211773443315256,0.03158584988330716,2.2352759962361968,0.04654316941011717,0.005291,0.9304219216089784
SDGE,,2046-05-01T00:00,2046,2,5,0.6311424965551607,0.0,1.6211773443315256,0.03158584988330716,2.2988630112272253,0.04654316941011717,0.005291,0.9304219216089784
SDGE,,2046-10-01T00:00,2046,4,10,0.5732232853324795,0.0,1.6211773443315256,0.03158584988330716,2.240943799074122,0.04654316941011717,0.005291,0.9304219216089784
SDGE,,2046-08-01T00:00,2046,3,8,0.6227005049163575,0.0,1.6211773443315256,0.03158584988330716,2.2904210195884223,0.04654316941011717,0.005291,0.9304219216089784
SDGE,,2046-07-01T00:00,2046,3,7,0.6177591848190436,0.0,1.6211773443315256,0.03158584988330716,2.2854796985606862,0.04654316941011717,0.005291,0.9304219216089784
SDGE,,2046-04-01T00:00,2046,2,4,0.5997564063975792,0.0,1.6211773443315256,0.03158584988330716,2.267476920139222,0.04654316941011717,0.005291,0.9304219216089784
PGE,,2021-05-01T00:00,2021,2,5,0.23172777898889863,0.0,0.6158344960929674,0.015088169133733377,0.8697953699398975,0.022233095791950607,0.005291,0.9339189862669011
PGE,,2021-09-01T00:00,2021,3,9,0.2481572285619237,0.0,0.6158344960929674,0.015088169133733377,0.8862248204468416,0.022233095791950607,0.005291,0.9339189862669011
PGE,,2021-06-01T00:00,2021,2,6,0.2627199076318163,0.0,0.6158344960929674,0.015088169133733377,0.9007874995167342,0.022233095791950607,0.005291,0.9339189862669011
PGE,,2021-04-01T00:00,2021,2,4,0.22712606315732395,0.0,0.6158344960929674,0.015088169133733377,0.8651936550422418,0.022233095791950607,0.005291,0.9339189862669011
PGE,,2021-07-01T00:00,2021,3,7,0.2764741892289533,0.0,0.6158344960929674,0.015088169133733377,0.9145417811138712,0.022233095791950607,0.005291,0.9339189862669011
PGE,,2021-10-01T00:00,2021,4,10,0.25805993766955426,0.0,0.6158344960929674,0.015088169133733377,0.8961275286205532,0.022233095791950607,0.005291,0.9339189862669011
PGE,,2021-08-01T00:00,2021,3,8,0.27011764896137297,0.0,0.6158344960929674,0.015088169133733377,0.9081852408462908,0.022233095791950607,0.005291,0.9339189862669011
SCE,,2035-04-01T00:00,2035,2,4,0.45226434589872083,0.0,1.0953047127855926,0.022513729944183637,1.580744052715853,0.03317499316305714,0.005291,0.8684823959578722
SCE,,2035-08-01T00:00,2035,3,8,0.4690865702570933,0.0,1.0953047127855926,0.022513729944183637,1.5975662770742254,0.03317499316305714,0.005291,0.8684823959578722
SCE,,2035-05-01T00:00,2035,2,5,0.4758110175392905,0.0,1.0953047127855926,0.022513729944183637,1.6042907234879402,0.03317499316305714,0.005291,0.8684823959578722
SCE,,2035-09-01T00:00,2035,3,9,0.427436681830726,0.0,1.0953047127855926,0.022513729944183637,1.555916388647858,0.03317499316305714,0.005291,0.8684823959578722
SCE,,2035-07-01T00:00,2035,3,7,0.4654825524321361,0.0,1.0953047127855926,0.022513729944183637,1.5939622583807858,0.03317499316305714,0.005291,0.8684823959578722
SCE,,2035-10-01T00:00,2035,4,10,0.4315956651175947,0.0,1.0953047127855926,0.022513729944183637,1.5600753719347267,0.03317499316305714,0.005291,0.8684823959578722
SCE,,2035-06-01T00:00,2035,2,6,0.46084654910991074,0.0,1.0953047127855926,0.022513729944183637,1.5893262559270427,0.03317499316305714,0.005291,0.8684823959578722
PGE,,2027-08-01T00:00,2027,3,8,0.3888336929518384,0.0,0.8520194902982904,0.01879928861297608,1.268554780027512,0.02770159677738335,0.005291,0.9339189862669011
PGE,,2027-05-01T00:00,2027,2,5,0.38243410088682916,0.0,0.8520194902982904,0.01879928861297608,1.2621551888964218,0.02770159677738335,0.005291,0.9339189862669011
PGE,,2027-07-01T00:00,2027,3,7,0.3875526334766191,0.0,0.8520194902982904,0.01879928861297608,1.267273721486212,0.02770159677738335,0.005291,0.9339189862669011
PGE,,2027-10-01T00:00,2027,4,10,0.35927311922526295,0.0,0.8520194902982904,0.01879928861297608,1.2389942072348559,0.02770159677738335,0.005291,0.9339189862669011
PGE,,2027-06-01T00:00,2027,2,6,0.3806344614143485,0.0,0.8520194902982904,0.01879928861297608,1.2603555494239411,0.02770159677738335,0.005291,0.9339189862669011
PGE,,2027-04-01T00:00,2027,2,4,0.3659186737980093,0.0,0.8520194902982904,0.01879928861297608,1.245639761807602,0.02770159677738335,0.005291,0.9339189862669011
PGE,,2027-09-01T00:00,2027,3,9,0.35410578656668357,0.0,0.8520194902982904,0.01879928861297608,1.2338268745762762,0.02770159677738335,0.005291,0.9339189862669011
SDGE,,2031-08-01T00:00,2031,3,8,0.46044198648140255,0.0,1.011016210086446,0.02142002833346213,1.5030215721096392,0.0315633755417907,0.005291,0.9304219216089784
SDGE,,2031-07-01T00:00,2031,3,7,0.4569586449786252,0.0,1.011016210086446,0.02142002833346213,1.4995382306068619,0.0315633755417907,0.005291,0.9304219216089784
SDGE,,2031-10-01T00:00,2031,4,10,0.42354146051376584,0.0,1.011016210086446,0.02142002833346213,1.4661210452115805,0.0315633755417907,0.005291,0.9304219216089784
SDGE,,2031-04-01T00:00,2031,2,4,0.44419062591137765,0.0,1.011016210086446,0.02142002833346213,1.4867702115396142,0.0315633755417907,0.005291,0.9304219216089784
SDGE,,2031-09-01T00:00,2031,3,9,0.4195098511460858,0.0,1.011016210086446,0.02142002833346213,1.4620894367743225,0.0315633755417907,0.005291,0.9304219216089784
SDGE,,2031-06-01T00:00,2031,2,6,0.45246129058795764,0.0,1.011016210086446,0.02142002833346213,1.4950408762161944,0.0315633755417907,0.005291,0.9304219216089784
SDGE,,2031-05-01T00:00,2031,2,5,0.4672744356554828,0.0,1.011016210086446,0.02142002833346213,1.5098540212837195,0.0315633755417907,0.005291,0.9304219216089784
PGE,,2042-09-01T00:00,2042,3,9,0.529646033215065,0.0,1.463818352478343,0.028978536735954196,2.0361655628512443,0.04270117622391742,0.005291,0.9339189862669011
PGE,,2042-06-01T00:00,2042,2,6,0.5707499539465017,0.0,1.463818352478343,0.028978536735954196,2.077269483582681,0.04270117622391742,0.005291,0.9339189862669011
PGE,,2042-08-01T00:00,2042,3,8,0.5811552945168653,0.0,1.463818352478343,0.028978536735954196,2.0876748241530447,0.04270117622391742,0.005291,0.9339189862669011
PGE,,2042-10-01T00:00,2042,4,10,0.5348914844611697,0.0,1.463818352478343,0.028978536735954196,2.04141101316343,0.04270117622391742,0.005291,0.9339189862669011
PGE,,2042-07-01T00:00,2042,3,7,0.5765909335769033,0.0,1.463818352478343,0.028978536735954196,2.0831104632130826,0.04270117622391742,0.005291,0.9339189862669011
PGE,,2042-04-01T00:00,2042,2,4,0.5599340000172033,0.0,1.463818352478343,0.028978536735954196,2.0664535296533826,0.04270117622391742,0.005291,0.9339189862669011
PGE,,2042-05-01T00:00,2042,2,5,0.589189756595446,0.0,1.463818352478343,0.028978536735954196,2.0957092862316253,0.04270117622391742,0.005291,0.9339189862669011
PGE,,2029-10-01T00:00,2029,4,10,0.4066857850523198,0.0,0.9323797915838776,0.020110674305517405,1.3686995601307694,0.029633983494571973,0.005291,0.9339189862669011
PGE,,2029-07-01T00:00,2029,3,7,0.43832962384399127,0.0,0.9323797915838776,0.020110674305517405,1.400343398922441,0.029633983494571973,0.005291,0.9339189862669011
PGE,,2029-09-01T00:00,2029,3,9,0.40267897654891616,0.0,0.9323797915838776,0.020110674305517405,1.364692751627366,0.029633983494571973,0.005291,0.9339189862669011
PGE,,2029-06-01T00:00,2029,2,6,0.43386913710935787,0.0,0.9323797915838776,0.020110674305517405,1.3958829131217265,0.029633983494571973,0.005291,0.9339189862669011
PGE,,2029-04-01T00:00,2029,2,4,0.4256315215015324,0.0,0.9323797915838776,0.020110674305517405,1.3876452965799821,0.029633983494571973,0.005291,0.9339189862669011
PGE,,2029-05-01T00:00,2029,2,5,0.44789726149772896,0.0,0.9323797915838776,0.020110674305517405,1.4099110365761787,0.029633983494571973,0.005291,0.9339189862669011
PGE,,2029-08-01T00:00,2029,3,8,0.4418199592713665,0.0,0.9323797915838776,0.020110674305517405,1.4038337352837351,0.029633983494571973,0.005291,0.9339189862669011
SCE,,2044-06-01T00:00,2044,2,6,0.5507525988452245,0.0,1.4372533582533622,0.028215620842485654,2.0295829425071905,0.04157698540860342,0.005291,0.8684823959578722
SCE,,2044-04-01T00:00,2044,2,4,0.5402655254035436,0.0,1.4372533582533622,0.028215620842485654,2.0190958699339916,0.04157698540860342,0.005291,0.8684823959578722
SCE,,2044-05-01T00:00,2044,2,5,0.5685168139495489,0.0,1.4372533582533622,0.028215620842485654,2.0473471576115148,0.04157698540860342,0.005291,0.8684823959578722
SCE,,2044-09-01T00:00,2044,3,9,0.5111539998334478,0.0,1.4372533582533622,0.028215620842485654,1.9899843434954134,0.04157698540860342,0.005291,0.8684823959578722
SCE,,2044-07-01T00:00,2044,3,7,0.5564125976266752,0.0,1.4372533582533622,0.028215620842485654,2.035242942157123,0.04157698540860342,0.005291,0.8684823959578722
SCE,,2044-10-01T00:00,2044,4,10,0.5162382034712022,0.0,1.4372533582533622,0.028215620842485654,1.9950685480016501,0.04157698540860342,0.005291,0.8684823959578722
SCE,,2044-08-01T00:00,2044,3,8,0.5608410588422561,0.0,1.4372533582533622,0.028215620842485654,2.0396714025042213,0.04157698540860342,0.005291,0.8684823959578722
SDGE,,2030-07-01T00:00,2030,3,7,0.4473164099913683,0.0,0.9697074166967138,0.020718440892207115,1.4475533806592715,0.030529554901611394,0.005291,0.9304219216089784
SDGE,,2030-09-01T00:00,2030,3,9,0.4106403120258648,0.0,0.9697074166967138,0.020718440892207115,1.41087728362419,0.030529554901611394,0.005291,0.9304219216089784
SDGE,,2030-10-01T00:00,2030,4,10,0.41457785015473864,0.0,0.9697074166967138,0.020718440892207115,1.414814821753064,0.030529554901611394,0.005291,0.9304219216089784
SDGE,,2030-08-01T00:00,2030,3,8,0.45071664062557604,0.0,0.9697074166967138,0.020718440892207115,1.4509536112934793,0.030529554901611394,0.005291,0.9304219216089784
SDGE,,2030-06-01T00:00,2030,2,6,0.44292340055836543,0.0,0.9697074166967138,0.020718440892207115,1.4431603721566906,0.030529554901611394,0.005291,0.9304219216089784
SDGE,,2030-04-01T00:00,2030,2,4,0.43549149170525553,0.0,0.9697074166967138,0.020718440892207115,1.4357284623731588,0.030529554901611394,0.005291,0.9304219216089784
SDGE,,2030-05-01T00:00,2030,2,5,0.4582831610614605,0.0,0.9697074166967138,0.020718440892207115,1.4585201317293637,0.030529554901611394,0.005291,0.9304219216089784
SDGE,,2040-09-01T00:00,2040,3,9,0.5077164154182768,0.0,1.3769169439628872,0.027512114732704374,1.9251736968365571,0.04054033745539296,0.005291,0.9304219216089784
SDGE,,2040-05-01T00:00,2040,2,5,0.5649040507707477,0.0,1.3769169439628872,0.027512114732704374,1.9823613321890279,0.04054033745539296,0.005291,0.9304219216089784
SDGE,,2040-10-01T00:00,2040,4,10,0.5127212275075212,0.0,1.3769169439628872,0.027512114732704374,1.9301785089258017,0.04054033745539296,0.005291,0.9304219216089784
SDGE,,2040-07-01T00:00,2040,3,7,0.5527682366516388,0.0,1.3769169439628872,0.027512114732704374,1.970225518069919,0.04054033745539296,0.005291,0.9304219216089784
SDGE,,2040-06-01T00:00,2040,2,6,0.5471936862812286,0.0,1.3769169439628872,0.027512114732704374,1.9646509676995088,0.04054033745539296,0.005291,0.9304219216089784
SDGE,,2040-04-01T00:00,2040,2,4,0.5368777830233183,0.0,1.3769169439628872,0.027512114732704374,1.9543350644415987,0.04054033745539296,0.005291,0.9304219216089784
SDGE,,2040-08-01T00:00,2040,3,8,0.5571184801714368,0.0,1.3769169439628872,0.027512114732704374,1.974575761589717,0.04054033745539296,0.005291,0.9304219216089784
PGE,,2048-07-01T00:00,2048,3,7,0.6418261553825819,0.0,1.7089968258873507,0.03306758334353155,2.3995495515690366,0.04872657029910416,0.005291,0.9339189862669011
PGE,,2048-05-01T00:00,2048,2,5,0.6556771657708834,0.0,1.7089968258873507,0.03306758334353155,2.413400561957338,0.04872657029910416,0.005291,0.9339189862669011
PGE,,2048-04-01T00:00,2048,2,4,0.623048957689307,0.0,1.7089968258873507,0.03306758334353155,2.3807723538757615,0.04872657029910416,0.005291,0.9339189862669011
PGE,,2048-06-01T00:00,2048,2,6,0.6352487442086685,0.0,1.7089968258873507,0.03306758334353155,2.392972140395123,0.04872657029910416,0.005291,0.9339189862669011
PGE,,2048-08-01T00:00,2048,3,8,0.6469838145083016,0.0,1.7089968258873507,0.03306758334353155,2.4047072106947565,0.04872657029910416,0.005291,0.9339189862669011
PGE,,2048-09-01T00:00,2048,3,9,0.5897100101755308,0.0,1.7089968258873507,0.03306758334353155,2.3474334063619855,0.04872657029910416,0.005291,0.9339189862669011
PGE,,2048-10-01T00:00,2048,4,10,0.5956209440736797,0.0,1.7089968258873507,0.03306758334353155,2.3533443402601346,0.04872657029910416,0.005291,0.9339189862669011
PGE,,2032-04-01T00:00,2032,2,4,0.4554415029629854,0.0,1.055023662549078,0.022157263438103706,1.5431148882853265,0.032649723707182096,0.005291,0.9339189862669011
PGE,,2032-08-01T00:00,2032,3,8,0.47210843692719034,0.0,1.055023662549078,0.022157263438103706,1.5597818231834506,0.032649723707182096,0.005291,0.9339189862669011
PGE,,2032-09-01T00:00,2032,3,9,0.4301441218495185,0.0,1.055023662549078,0.022157263438103706,1.5178175081057788,0.032649723707182096,0.005291,0.9339189862669011
PGE,,2032-05-01T00:00,2032,2,5,0.47912001302903445,0.0,1.055023662549078,0.022157263438103706,1.5667933992852947,0.032649723707182096,0.005291,0.9339189862669011
PGE,,2032-07-01T00:00,2032,3,7,0.4685314552980261,0.0,1.055023662549078,0.022157263438103706,1.5562048406203675,0.032649723707182096,0.005291,0.9339189862669011
PGE,,2032-06-01T00:00,2032,2,6,0.4639148714761901,0.0,1.055023662549078,0.022157263438103706,1.5515882567985313,0.032649723707182096,0.005291,0.9339189862669011
PGE,,2032-10-01T00:00,2032,4,10,0.43428291365189936,0.0,1.055023662549078,0.022157263438103706,1.5219562999081595,0.032649723707182096,0.005291,0.9339189862669011
SCE,,2036-09-01T00:00,2036,3,9,0.43668000771253246,0.0,1.1332030395182005,0.02314364543686626,1.6039862500610829,0.03410320283034982,0.005291,0.8684823959578722
SCE,,2036-07-01T00:00,2036,3,7,0.4755267215639385,0.0,1.1332030395182005,0.02314364543686626,1.6428329639124888,0.03410320283034982,0.005291,0.8684823959578722
SCE,,2036-06-01T00:00,2036,2,6,0.47077983214636204,0.0,1.1332030395182005,0.02314364543686626,1.6380860744949124,0.03410320283034982,0.005291,0.8684823959578722
SCE,,2036-08-01T00:00,2036,3,8,0.479219545187812,0.0,1.1332030395182005,0.02314364543686626,1.6465257875363624,0.03410320283034982,0.005291,0.8684823959578722
SCE,,2036-05-01T00:00,2036,2,5,0.4860783371433576,0.0,1.1332030395182005,0.02314364543686626,1.653384579491908,0.03410320283034982,0.005291,0.8684823959578722
SCE,,2036-10-01T00:00,2036,4,10,0.4409390714367818,0.0,1.1332030395182005,0.02314364543686626,1.608245313785332,0.03410320283034982,0.005291,0.8684823959578722
SCE,,2036-04-01T00:00,2036,2,4,0.46200858724052635,0.0,1.1332030395182005,0.02314364543686626,1.629314830457559,0.03410320283034982,0.005291,0.8684823959578722
SCE,,2037-05-01T00:00,2037,2,5,0.49638314652701077,0.0,1.1713553973516264,0.023783163739400988,1.7027841056914745,0.03504556181283745,0.005291,0.8684823959578722
SCE,,2037-04-01T00:00,2037,2,4,0.47179070483658436,0.0,1.1713553973516264,0.023783163739400988,1.6781916640010481,0.03504556181283745,0.005291,0.8684823959578722
SCE,,2037-06-01T00:00,2037,2,6,0.48077642754947864,0.0,1.1713553973516264,0.023783163739400988,1.6871773867139424,0.03504556181283745,0.005291,0.8684823959578722
SCE,,2037-09-01T00:00,2037,3,9,0.4459892566190866,0.0,1.1713553973516264,0.023783163739400988,1.6523902157835502,0.03504556181283745,0.005291,0.8684823959578722
SCE,,2037-08-01T00:00,2037,3,8,0.48942223406893665,0.0,1.1713553973516264,0.023783163739400988,1.6958231932334003,0.03504556181283745,0.005291,0.8684823959578722
SCE,,2037-10-01T00:00,2037,4,10,0.45035146304964463,0.0,1.1713553973516264,0.023783163739400988,1.6567524222141083,0.03504556181283745,0.005291,0.8684823959578722
SCE,,2037-07-01T00:00,2037,3,7,0.485637455528979,0.0,1.1713553973516264,0.023783163739400988,1.6920384146934426,0.03504556181283745,0.005291,0.8684823959578722
PGE,,2041-07-01T00:00,2041,3,7,0.5657183962979839,0.0,1.4230099087714574,0.02829909386290327,2.0304282921225107,0.041699987053069716,0.005291,0.9339189862669011
PGE,,2041-05-01T00:00,2041,2,5,0.5781085220441795,0.0,1.4230099087714574,0.02829909386290327,2.0428184178687063,0.041699987053069716,0.005291,0.9339189862669011
PGE,,2041-09-01T00:00,2041,3,9,0.5196353705439739,0.0,1.4230099087714574,0.02829909386290327,1.9843452663685008,0.041699987053069716,0.005291,0.9339189862669011
PGE,,2041-10-01T00:00,2041,4,10,0.5247699077034316,0.0,1.4230099087714574,0.02829909386290327,1.9894798035279582,0.041699987053069716,0.005291,0.9339189862669011
PGE,,2041-04-01T00:00,2041,2,4,0.5494148399382266,0.0,1.4230099087714574,0.02829909386290327,2.014124735762753,0.041699987053069716,0.005291,0.9339189862669011
PGE,,2041-06-01T00:00,2041,2,6,0.5600001551025146,0.0,1.4230099087714574,0.02829909386290327,2.0247100509270415,0.041699987053069716,0.005291,0.9339189862669011
PGE,,2041-08-01T00:00,2041,3,8,0.5701838748295989,0.0,1.4230099087714574,0.02829909386290327,2.0348937706541257,0.041699987053069716,0.005291,0.9339189862669011
SDGE,,2022-09-01T00:00,2022,3,9,0.23639502003773574,0.0,0.6612957023024348,0.016021300724000192,0.921298829489212,0.023608107149041494,0.005291,0.9304219216089784
SDGE,,2022-08-01T00:00,2022,3,8,0.26050633192675066,0.0,0.6612957023024348,0.016021300724000192,0.945410141378227,0.023608107149041494,0.005291,0.9304219216089784
SDGE,,2022-04-01T00:00,2022,2,4,0.21533974221893626,0.0,0.6612957023024348,0.016021300724000192,0.9002435516704126,0.023608107149041494,0.005291,0.9304219216089784
SDGE,,2022-10-01T00:00,2022,4,10,0.2472996821921551,0.0,0.6612957023024348,0.016021300724000192,0.9322034916436315,0.023608107149041494,0.005291,0.9304219216089784
SDGE,,2022-07-01T00:00,2022,3,7,0.2653565302227499,0.0,0.6612957023024348,0.016021300724000192,0.9502603387438042,0.023608107149041494,0.005291,0.9304219216089784
SDGE,,2022-05-01T00:00,2022,2,5,0.21668455266472567,0.0,0.6612957023024348,0.016021300724000192,0.901588362116202,0.023608107149041494,0.005291,0.9304219216089784
SDGE,,2022-06-01T00:00,2022,2,6,0.2503158700131557,0.0,0.6612957023024348,0.016021300724000192,0.9352196794646319,0.023608107149041494,0.005291,0.9304219216089784
SCE,,2026-05-01T00:00,2026,2,5,0.3057752984700132,0.0,0.7569633089494339,0.016948193387494197,1.0877125326077453,0.0249739243198157,0.005291,0.8684823959578722
SCE,,2026-07-01T00:00,2026,3,7,0.32381860039227844,0.0,0.7569633089494339,0.016948193387494197,1.1057558345300105,0.0249739243198157,0.005291,0.8684823959578722
SCE,,2026-04-01T00:00,2026,2,4,0.2951778053080277,0.0,0.7569633089494339,0.016948193387494197,1.0771150394457598,0.0249739243198157,0.005291,0.8684823959578722
SCE,,2026-10-01T00:00,2026,4,10,0.2999061673906511,0.0,0.7569633089494339,0.016948193387494197,1.0818434006599007,0.0249739243198157,0.005291,0.8684823959578722
SCE,,2026-06-01T00:00,2026,2,6,0.31498245119154566,0.0,0.7569633089494339,0.016948193387494197,1.0969196853292777,0.0249739243198157,0.005291,0.8684823959578722
SCE,,2026-09-01T00:00,2026,3,9,0.2939158908333946,0.0,0.7569633089494339,0.016948193387494197,1.0758531249711265,0.0249739243198157,0.005291,0.8684823959578722
SCE,,2026-08-01T00:00,2026,3,8,0.323049252656372,0.0,0.7569633089494339,0.016948193387494197,1.1049864867941042,0.0249739243198157,0.005291,0.8684823959578722
SCE,,2031-04-01T00:00,2031,2,4,0.4146202170155505,0.0,0.943711406723643,0.019994066236488365,1.3877937799700446,0.02946215623085118,0.005291,0.8684823959578722
SCE,,2031-07-01T00:00,2031,3,7,0.4265382506878259,0.0,0.943711406723643,0.019994066236488365,1.3997118136423201,0.02946215623085118,0.005291,0.8684823959578722
SCE,,2031-10-01T00:00,2031,4,10,0.39534569626045485,0.0,0.943711406723643,0.019994066236488365,1.3685192583464667,0.02946215623085118,0.005291,0.8684823959578722
SCE,,2031-05-01T00:00,2031,2,5,0.4361673043409731,0.0,0.943711406723643,0.019994066236488365,1.4093408672954673,0.02946215623085118,0.005291,0.8684823959578722
SCE,,2031-08-01T00:00,2031,3,8,0.42978970113628484,0.0,0.943711406723643,0.019994066236488365,1.402963264090779,0.02946215623085118,0.005291,0.8684823959578722
SCE,,2031-09-01T00:00,2031,3,9,0.39158247692749454,0.0,0.943711406723643,0.019994066236488365,1.3647560398819887,0.02946215623085118,0.005291,0.8684823959578722
SCE,,2031-06-01T00:00,2031,2,6,0.4223402916479914,0.0,0.943711406723643,0.019994066236488365,1.3955138546024857,0.02946215623085118,0.005291,0.8684823959578722
SCE,,2045-07-01T00:00,2045,3,7,0.5665233324601981,0.0,1.4752532974262973,0.0288493776328056,2.0842874848621658,0.042510854975670566,0.005291,0.8684823959578722
SCE,,2045-10-01T00:00,2045,4,10,0.525650595084065,0.0,1.4752532974262973,0.0288493776328056,2.043414747486033,0.042510854975670566,0.005291,0.8684823959578722
SCE,,2045-04-01T00:00,2045,2,4,0.5500476429996016,0.0,1.4752532974262973,0.0288493776328056,2.067811794533087,0.042510854975670566,0.005291,0.8684823959578722
SCE,,2045-08-01T00:00,2045,3,8,0.5710437477233806,0.0,1.4752532974262973,0.0288493776328056,2.0888079001253486,0.042510854975670566,0.005291,0.8684823959578722
SCE,,2045-06-01T00:00,2045,2,6,0.5607491942483412,0.0,1.4752532974262973,0.0288493776328056,2.078513346650309,0.042510854975670566,0.005291,0.8684823959578722
SCE,,2045-09-01T00:00,2045,3,9,0.5204632487400017,0.0,1.4752532974262973,0.0288493776328056,2.03822740114197,0.042510854975670566,0.005291,0.8684823959578722
SCE,,2045-05-01T00:00,2045,2,5,0.5788216233332021,0.0,1.4752532974262973,0.0288493776328056,2.09658577573517,0.042510854975670566,0.005291,0.8684823959578722
SDGE,,2041-09-01T00:00,2041,3,9,0.5176895931092526,0.0,1.417681440528478,0.02819312775400685,1.9769148748654093,0.041543841227678555,0.005291,0.9304219216089784
SDGE,,2041-04-01T00:00,2041,2,4,0.5473575531204842,0.0,1.417681440528478,0.02819312775400685,2.0065828348766406,0.041543841227678555,0.005291,0.9304219216089784
SDGE,,2041-08-01T00:00,2041,3,8,0.568048818249205,0.0,1.417681440528478,0.02819312775400685,2.0272741000053616,0.041543841227678555,0.005291,0.9304219216089784
SDGE,,2041-05-01T00:00,2041,2,5,0.5759437915797462,0.0,1.417681440528478,0.02819312775400685,2.035169073335903,0.041543841227678555,0.005291,0.9304219216089784
SDGE,,2041-06-01T00:00,2041,2,6,0.5579032315153111,0.0,1.417681440528478,0.02819312775400685,2.017128513271468,0.041543841227678555,0.005291,0.9304219216089784
SDGE,,2041-07-01T00:00,2041,3,7,0.5636000607259251,0.0,1.417681440528478,0.02819312775400685,2.0228253424820815,0.041543841227678555,0.005291,0.9304219216089784
SDGE,,2041-10-01T00:00,2041,4,10,0.5228049039667514,0.0,1.417681440528478,0.02819312775400685,1.982030185722908,0.041543841227678555,0.005291,0.9304219216089784
SCE,,2028-10-01T00:00,2028,4,10,0.3682939312822395,0.0,0.8294575581040201,0.018083193924158827,1.2243978893376792,0.026646399082937196,0.005291,0.8684823959578722
SCE,,2028-07-01T00:00,2028,3,7,0.3969776241859562,0.0,0.8294575581040201,0.018083193924158827,1.2530815813729135,0.026646399082937196,0.005291,0.8684823959578722
SCE,,2028-08-01T00:00,2028,3,8,0.40012957086934553,0.0,0.8294575581040201,0.018083193924158827,1.2562335280563028,0.026646399082937196,0.005291,0.8684823959578722
SCE,,2028-05-01T00:00,2028,2,5,0.40550113709379215,0.0,0.8294575581040201,0.018083193924158827,1.261605095149232,0.026646399082937196,0.005291,0.8684823959578722
SCE,,2028-04-01T00:00,2028,2,4,0.38538213879616284,0.0,0.8294575581040201,0.018083193924158827,1.2414860968516026,0.026646399082937196,0.005291,0.8684823959578722
SCE,,2028-06-01T00:00,2028,2,6,0.3929468966423578,0.0,0.8294575581040201,0.018083193924158827,1.2490508538293152,0.026646399082937196,0.005291,0.8684823959578722
SCE,,2028-09-01T00:00,2028,3,9,0.36467365807227714,0.0,0.8294575581040201,0.018083193924158827,1.2207776161277168,0.026646399082937196,0.005291,0.8684823959578722
PGE,,2040-06-01T00:00,2040,2,6,0.5492503571924463,0.0,1.382092195609259,0.027615521200095076,1.972035264333894,0.040692711532188515,0.005291,0.9339189862669011
PGE,,2040-08-01T00:00,2040,3,8,0.5592124542084135,0.0,1.382092195609259,0.027615521200095076,1.9819973613498614,0.040692711532188515,0.005291,0.9339189862669011
PGE,,2040-07-01T00:00,2040,3,7,0.5548458599529834,0.0,1.382092195609259,0.027615521200095076,1.9776307670944313,0.040692711532188515,0.005291,0.9339189862669011
PGE,,2040-04-01T00:00,2040,2,4,0.5388956807931687,0.0,1.382092195609259,0.027615521200095076,1.9616805879346166,0.040692711532188515,0.005291,0.9339189862669011
PGE,,2040-09-01T00:00,2040,3,9,0.5096247078728828,0.0,1.382092195609259,0.027615521200095076,1.9324096150143308,0.040692711532188515,0.005291,0.9339189862669011
PGE,,2040-10-01T00:00,2040,4,10,0.5146483309456933,0.0,1.382092195609259,0.027615521200095076,1.937433238087141,0.040692711532188515,0.005291,0.9339189862669011
PGE,,2040-05-01T00:00,2040,2,5,0.5670272874929129,0.0,1.382092195609259,0.027615521200095076,1.9898121946343605,0.040692711532188515,0.005291,0.9339189862669011
PGE,,2026-06-01T00:00,2026,2,6,0.33871508838613384,0.0,0.813997392953013,0.01822517032143938,1.1795680894706582,0.026855607197592467,0.005291,0.9339189862669011
PGE,,2026-07-01T00:00,2026,3,7,0.348217005226889,0.0,0.813997392953013,0.01822517032143938,1.1890700063114135,0.026855607197592467,0.005291,0.9339189862669011
PGE,,2026-09-01T00:00,2026,3,9,0.3160612490160042,0.0,0.813997392953013,0.01822517032143938,1.1569142501005287,0.026855607197592467,0.005291,0.9339189862669011
PGE,,2026-08-01T00:00,2026,3,8,0.34738969029114747,0.0,0.813997392953013,0.01822517032143938,1.188242691375672,0.026855607197592467,0.005291,0.9339189862669011
PGE,,2026-10-01T00:00,2026,4,10,0.3225028683693144,0.0,0.813997392953013,0.01822517032143938,1.16335586851992,0.026855607197592467,0.005291,0.9339189862669011
PGE,,2026-05-01T00:00,2026,2,5,0.3288142144293113,0.0,0.813997392953013,0.01822517032143938,1.169667215513836,0.026855607197592467,0.005291,0.9339189862669011
PGE,,2026-04-01T00:00,2026,2,4,0.3174182435761588,0.0,0.813997392953013,0.01822517032143938,1.1582712446606833,0.026855607197592467,0.005291,0.9339189862669011
SDGE,,2033-05-01T00:00,2033,2,5,0.4876660267700041,0.0,1.0920009063934863,0.022761480886536463,1.6132069984515367,0.03354006528804627,0.005291,0.9304219216089784
SDGE,,2033-09-01T00:00,2033,3,9,0.43797479618782714,0.0,1.0920009063934863,0.022761480886536463,1.5635157678693599,0.03354006528804627,0.005291,0.9304219216089784
SDGE,,2033-07-01T00:00,2033,3,7,0.47701677566770756,0.0,1.0920009063934863,0.022761480886536463,1.6025577473492403,0.03354006528804627,0.005291,0.9304219216089784
SDGE,,2033-08-01T00:00,2033,3,8,0.4806808051076614,0.0,1.0920009063934863,0.022761480886536463,1.606221776789194,0.03354006528804627,0.005291,0.9304219216089784
SDGE,,2033-10-01T00:00,2033,4,10,0.44220939849741037,0.0,1.0920009063934863,0.022761480886536463,1.567750370178943,0.03354006528804627,0.005291,0.9304219216089784
SDGE,,2033-04-01T00:00,2033,2,4,0.46355996525189286,0.0,1.0920009063934863,0.022761480886536463,1.5891009369334255,0.03354006528804627,0.005291,0.9304219216089784
SDGE,,2033-06-01T00:00,2033,2,6,0.47229469460946993,0.0,1.0920009063934863,0.022761480886536463,1.5978356662910027,0.03354006528804627,0.005291,0.9304219216089784
SDGE,,2039-07-01T00:00,2039,3,7,0.5419364116469306,0.0,1.3362068770797104,0.026833158874270575,1.9176831546547912,0.039539865928149884,0.005291,0.9304219216089784
SDGE,,2039-06-01T00:00,2039,2,6,0.536484140116724,0.0,1.3362068770797104,0.026833158874270575,1.9122308831245844,0.039539865928149884,0.005291,0.9304219216089784
SDGE,,2039-09-01T00:00,2039,3,9,0.49774323772730084,0.0,1.3362068770797104,0.026833158874270575,1.873489980735161,0.039539865928149884,0.005291,0.9304219216089784
SDGE,,2039-05-01T00:00,2039,2,5,0.5538643099617491,0.0,1.3362068770797104,0.026833158874270575,1.9296110529696098,0.039539865928149884,0.005291,0.9304219216089784
SDGE,,2039-04-01T00:00,2039,2,4,0.5263980119957306,0.0,1.3362068770797104,0.026833158874270575,1.902144755003591,0.039539865928149884,0.005291,0.9304219216089784
SDGE,,2039-08-01T00:00,2039,3,8,0.5461881430240907,0.0,1.3362068770797104,0.026833158874270575,1.9219348860319514,0.039539865928149884,0.005291,0.9304219216089784
SDGE,,2039-10-01T00:00,2039,4,10,0.5026375510482913,0.0,1.3362068770797104,0.026833158874270575,1.8783842940561517,0.039539865928149884,0.005291,0.9304219216089784
SCE,,2046-06-01T00:00,2046,2,6,0.5707457905199402,0.0,1.5132532365992324,0.02948313442312554,2.127443750793428,0.043444723674255316,0.005291,0.8684823959578722
SCE,,2046-10-01T00:00,2046,4,10,0.5350629866969279,0.0,1.5132532365992324,0.02948313442312554,2.0917609469704157,0.043444723674255316,0.005291,0.8684823959578722
SCE,,2046-09-01T00:00,2046,3,9,0.5297724976465559,0.0,1.5132532365992324,0.02948313442312554,2.0864704579200435,0.043444723674255316,0.005291,0.8684823959578722
SCE,,2046-08-01T00:00,2046,3,8,0.5812464366045053,0.0,1.5132532365992324,0.02948313442312554,2.1379443977464754,0.043444723674255316,0.005291,0.8684823959578722
SCE,,2046-04-01T00:00,2046,2,4,0.5598297597271772,0.0,1.5132532365992324,0.02948313442312554,2.116527720000665,0.043444723674255316,0.005291,0.8684823959578722
SCE,,2046-05-01T00:00,2046,2,5,0.5891264327168555,0.0,1.5132532365992324,0.02948313442312554,2.1458243938588253,0.043444723674255316,0.005291,0.8684823959578722
SCE,,2046-07-01T00:00,2046,3,7,0.5766340672937211,0.0,1.5132532365992324,0.02948313442312554,2.1333320275672087,0.043444723674255316,0.005291,0.8684823959578722
SDGE,,2049-04-01T00:00,2049,2,4,0.6311957185499207,0.0,1.7433075449810558,0.03362271745860856,2.424047848453245,0.04954458585269024,0.005291,0.9304219216089784
SDGE,,2049-05-01T00:00,2049,2,5,0.6642617199125783,0.0,1.7433075449810558,0.03362271745860856,2.457113849815902,0.04954458585269024,0.005291,0.9304219216089784
SDGE,,2049-07-01T00:00,2049,3,7,0.650254658902746,0.0,1.7433075449810558,0.03362271745860856,2.4431067888060705,0.04954458585269024,0.005291,0.9304219216089784
SDGE,,2049-10-01T00:00,2049,4,10,0.6034743147101697,0.0,1.7433075449810558,0.03362271745860856,2.3963264446134938,0.04954458585269024,0.005291,0.9304219216089784
SDGE,,2049-08-01T00:00,2049,3,8,0.6554915172888179,0.0,1.7433075449810558,0.03362271745860856,2.448343648122564,0.04954458585269024,0.005291,0.9304219216089784
SDGE,,2049-06-01T00:00,2049,2,6,0.6435795971096593,0.0,1.7433075449810558,0.03362271745860856,2.436431727943405,0.04954458585269024,0.005291,0.9304219216089784
SDGE,,2049-09-01T00:00,2049,3,9,0.5974750155674817,0.0,1.7433075449810558,0.03362271745860856,2.3903271464012277,0.04954458585269024,0.005291,0.9304219216089784
PGE,,2045-06-01T00:00,2045,2,6,0.6029993486106257,0.0,1.5864075891828469,0.031023060039742874,2.2351208115219428,0.045713873728470286,0.005291,0.9339189862669011
PGE,,2045-10-01T00:00,2045,4,10,0.5652562138004652,0.0,1.5864075891828469,0.031023060039742874,2.197377676711782,0.045713873728470286,0.005291,0.9339189862669011
PGE,,2045-09-01T00:00,2045,3,9,0.5596780221622574,0.0,1.5864075891828469,0.031023060039742874,2.1917994850735747,0.045713873728470286,0.005291,0.9339189862669011
PGE,,2045-07-01T00:00,2045,3,7,0.6092085444797426,0.0,1.5864075891828469,0.031023060039742874,2.2413300073910594,0.045713873728470286,0.005291,0.9339189862669011
PGE,,2045-08-01T00:00,2045,3,8,0.6140695545125834,0.0,1.5864075891828469,0.031023060039742874,2.2461910174239006,0.045713873728470286,0.005291,0.9339189862669011
PGE,,2045-05-01T00:00,2045,2,5,0.6224334611831647,0.0,1.5864075891828469,0.031023060039742874,2.254554924094482,0.045713873728470286,0.005291,0.9339189862669011
PGE,,2045-04-01T00:00,2045,2,4,0.5914914793202147,0.0,1.5864075891828469,0.031023060039742874,2.2236129412976124,0.045713873728470286,0.005291,0.9339189862669011
PGE,,2049-06-01T00:00,2049,2,6,0.6459985421187368,0.0,1.749859904788852,0.03374909111146111,2.4455892500195167,0.04973080311192811,0.005291,0.9339189862669011
PGE,,2049-05-01T00:00,2049,2,5,0.6667584003221501,0.0,1.749859904788852,0.03374909111146111,2.466349107289011,0.04973080311192811,0.005291,0.9339189862669011
PGE,,2049-07-01T00:00,2049,3,7,0.6526986926615014,0.0,1.749859904788852,0.03374909111146111,2.4522893996283623,0.04973080311192811,0.005291,0.9339189862669011
PGE,,2049-04-01T00:00,2049,2,4,0.6335681177682838,0.0,1.749859904788852,0.03374909111146111,2.4331588247351448,0.04973080311192811,0.005291,0.9339189862669011
PGE,,2049-08-01T00:00,2049,3,8,0.6579552341955679,0.0,1.749859904788852,0.03374909111146111,2.4575459420963477,0.04973080311192811,0.005291,0.9339189862669011
PGE,,2049-09-01T00:00,2049,3,9,0.599720672846622,0.0,1.749859904788852,0.03374909111146111,2.399311380747402,0.04973080311192811,0.005291,0.9339189862669011
PGE,,2049-10-01T00:00,2049,4,10,0.6057425208314179,0.0,1.749859904788852,0.03374909111146111,2.405333227798279,0.04973080311192811,0.005291,0.9339189862669011
SDGE,,2024-07-01T00:00,2024,3,7,0.26853643415465484,0.0,0.7386475624948653,0.01706030939681439,1.032323128887742,0.025139132238221736,0.005291,0.9304219216089784
SDGE,,2024-09-01T00:00,2024,3,9,0.239073597751527,0.0,0.7386475624948653,0.01706030939681439,1.0028602924846142,0.025139132238221736,0.005291,0.9304219216089784
SDGE,,2024-06-01T00:00,2024,2,6,0.2539219555670974,0.0,0.7386475624948653,0.01706030939681439,1.0177086503001844,0.025139132238221736,0.005291,0.9304219216089784
SDGE,,2024-08-01T00:00,2024,3,8,0.263511258851234,0.0,0.7386475624948653,0.01706030939681439,1.027297953584321,0.025139132238221736,0.005291,0.9304219216089784
SDGE,,2024-10-01T00:00,2024,4,10,0.24803012480846498,0.0,0.7386475624948653,0.01706030939681439,1.011816819541552,0.025139132238221736,0.005291,0.9304219216089784
SDGE,,2024-04-01T00:00,2024,2,4,0.2195920299884054,0.0,0.7386475624948653,0.01706030939681439,0.9833787247214925,0.025139132238221736,0.005291,0.9304219216089784
SDGE,,2024-05-01T00:00,2024,2,5,0.22074475575890057,0.0,0.7386475624948653,0.01706030939681439,0.9845314504919876,0.025139132238221736,0.005291,0.9304219216089784
SCE,,2038-09-01T00:00,2038,3,9,0.4552985055256408,0.0,1.2093045303043977,0.024415000315143466,1.7005796368258148,0.035976600995776174,0.005291,0.8684823959578722
SCE,,2038-07-01T00:00,2038,3,7,0.4957481903625021,0.0,1.2093045303043977,0.024415000315143466,1.741029321662676,0.035976600995776174,0.005291,0.8684823959578722
SCE,,2038-10-01T00:00,2038,4,10,0.45976385466250747,0.0,1.2093045303043977,0.024415000315143466,1.7050449859626815,0.035976600995776174,0.005291,0.8684823959578722
SCE,,2038-06-01T00:00,2038,2,6,0.49077302382107774,0.0,1.2093045303043977,0.024415000315143466,1.7360541551212516,0.035976600995776174,0.005291,0.8684823959578722
SCE,,2038-04-01T00:00,2038,2,4,0.4815728224326425,0.0,1.2093045303043977,0.024415000315143466,1.726853952864334,0.035976600995776174,0.005291,0.8684823959578722
SCE,,2038-08-01T00:00,2038,3,8,0.4996249238185436,0.0,1.2093045303043977,0.024415000315143466,1.744906054250235,0.035976600995776174,0.005291,0.8684823959578722
SCE,,2038-05-01T00:00,2038,2,5,0.5066879567791465,0.0,1.2093045303043977,0.024415000315143466,1.751969087210838,0.035976600995776174,0.005291,0.8684823959578722
SDGE,,2021-05-01T00:00,2021,2,5,0.23086007307641876,0.0,0.6135285005161724,0.015031671403409625,0.8665384165075659,0.02214984384539684,0.005291,0.9304219216089784
SDGE,,2021-07-01T00:00,2021,3,7,0.27543893014310356,0.0,0.6135285005161724,0.015031671403409625,0.9111172745046727,0.02214984384539684,0.005291,0.9304219216089784
SDGE,,2021-10-01T00:00,2021,4,10,0.2570936308475276,0.0,0.6135285005161724,0.015031671403409625,0.8927719742786749,0.02214984384539684,0.005291,0.9304219216089784
SDGE,,2021-08-01T00:00,2021,3,8,0.26910619197468094,0.0,0.6135285005161724,0.015031671403409625,0.9047845363362501,0.02214984384539684,0.005291,0.9304219216089784
SDGE,,2021-04-01T00:00,2021,2,4,0.22627558839448023,0.0,0.6135285005161724,0.015031671403409625,0.8619539327560494,0.02214984384539684,0.005291,0.9304219216089784
SDGE,,2021-09-01T00:00,2021,3,9,0.24722800248731436,0.0,0.6135285005161724,0.015031671403409625,0.8829063468488835,0.02214984384539684,0.005291,0.9304219216089784
SDGE,,2021-06-01T00:00,2021,2,6,0.2617361515272484,0.0,0.6135285005161724,0.015031671403409625,0.8974144958888175,0.02214984384539684,0.005291,0.9304219216089784
SCE,,2027-08-01T00:00,2027,3,8,0.36158941219709995,0.0,0.7923213246738652,0.017482085124067733,1.1796713751006769,0.02576063822971174,0.005291,0.8684823959578722
SCE,,2027-06-01T00:00,2027,2,6,0.35396467348271055,0.0,0.7923213246738652,0.017482085124067733,1.1720466372547698,0.02576063822971174,0.005291,0.8684823959578722
SCE,,2027-04-01T00:00,2027,2,4,0.34027997205209526,0.0,0.7923213246738652,0.017482085124067733,1.1583619358241546,0.02576063822971174,0.005291,0.8684823959578722
SCE,,2027-07-01T00:00,2027,3,7,0.36039811228911733,0.0,0.7923213246738652,0.017482085124067733,1.1784800760611767,0.02576063822971174,0.005291,0.8684823959578722
SCE,,2027-10-01T00:00,2027,4,10,0.3341000493364453,0.0,0.7923213246738652,0.017482085124067733,1.1521820131085048,0.02576063822971174,0.005291,0.8684823959578722
SCE,,2027-05-01T00:00,2027,2,5,0.3556382182161439,0.0,0.7923213246738652,0.017482085124067733,1.173720181988203,0.02576063822971174,0.005291,0.8684823959578722
SCE,,2027-09-01T00:00,2027,3,9,0.32929477445283584,0.0,0.7923213246738652,0.017482085124067733,1.1473767382248952,0.02576063822971174,0.005291,0.8684823959578722
SCE,,2047-08-01T00:00,2047,3,8,0.5914491263541123,0.0,1.5512531757721675,0.03011689121344548,2.1870808944991196,0.04437859324132246,0.005291,0.8684823959578722
SCE,,2047-07-01T00:00,2047,3,7,0.5867448021272442,0.0,1.5512531757721675,0.03011689121344548,2.1823765702722513,0.04437859324132246,0.005291,0.8684823959578722
SCE,,2047-10-01T00:00,2047,4,10,0.5444753783097906,0.0,1.5512531757721675,0.03011689121344548,2.1401071473232807,0.04437859324132246,0.005291,0.8684823959578722
SCE,,2047-09-01T00:00,2047,3,9,0.5390817465531099,0.0,1.5512531757721675,0.03011689121344548,2.1347135155665997,0.04437859324132246,0.005291,0.8684823959578722
SCE,,2047-05-01T00:00,2047,2,5,0.5994312421005088,0.0,1.5512531757721675,0.03011689121344548,2.195063011113999,0.04437859324132246,0.005291,0.8684823959578722
SCE,,2047-04-01T00:00,2047,2,4,0.5696118773232354,0.0,1.5512531757721675,0.03011689121344548,2.1652436454682427,0.04437859324132246,0.005291,0.8684823959578722
SCE,,2047-06-01T00:00,2047,2,6,0.5807423859230568,0.0,1.5512531757721675,0.03011689121344548,2.1763741549365467,0.04437859324132246,0.005291,0.8684823959578722
SDGE,,2020-05-01T00:00,2020,2,5,0.18162440125803153,0.0,0.5684857257751541,0.01407084608466823,0.7708441515621578,0.02073402452897214,0.005291,0.9304219216089784
SDGE,,2020-06-01T00:00,2020,2,6,0.22150746540745184,0.0,0.5684857257751541,0.01407084608466823,0.8107272147811562,0.02073402452897214,0.005291,0.9304219216089784
SDGE,,2020-09-01T00:00,2020,3,9,0.22224462101792614,0.0,0.5684857257751541,0.01407084608466823,0.8114643703916304,0.02073402452897214,0.005291,0.9304219216089784
SDGE,,2020-04-01T00:00,2020,2,4,0.1774435773355173,0.0,0.5684857257751541,0.01407084608466823,0.7666633267092215,0.02073402452897214,0.005291,0.9304219216089784
SDGE,,2020-07-01T00:00,2020,3,7,0.24232691383389077,0.0,0.5684857257751541,0.01407084608466823,0.8315466641380169,0.02073402452897214,0.005291,0.9304219216089784
SDGE,,2020-10-01T00:00,2020,4,10,0.243532479195736,0.0,0.5684857257751541,0.01407084608466823,0.8327522294998623,0.02073402452897214,0.005291,0.9304219216089784
SDGE,,2020-08-01T00:00,2020,3,8,0.23275211954919978,0.0,0.5684857257751541,0.01407084608466823,0.821971869853326,0.02073402452897214,0.005291,0.9304219216089784
SDGE,,2047-09-01T00:00,2047,3,9,0.57752866018553,0.0,1.6618874112147024,0.03226480574174096,2.2869597132680144,0.04754364186778217,0.005291,0.9304219216089784
SDGE,,2047-04-01T00:00,2047,2,4,0.6102361774251671,0.0,1.6618874112147024,0.03226480574174096,2.3196672295772296,0.04754364186778217,0.005291,0.9304219216089784
SDGE,,2047-06-01T00:00,2047,2,6,0.6221605057110722,0.0,1.6618874112147024,0.03226480574174096,2.3315915587935567,0.04754364186778217,0.005291,0.9304219216089784
SDGE,,2047-07-01T00:00,2047,3,7,0.6285910098237518,0.0,1.6618874112147024,0.03226480574174096,2.3380220619758143,0.04754364186778217,0.005291,0.9304219216089784
SDGE,,2047-08-01T00:00,2047,3,8,0.6336308429941258,0.0,1.6618874112147024,0.03226480574174096,2.3430618951461883,0.04754364186778217,0.005291,0.9304219216089784
SDGE,,2047-10-01T00:00,2047,4,10,0.5833069617917095,0.0,1.6618874112147024,0.03226480574174096,2.2927380148741943,0.04754364186778217,0.005291,0.9304219216089784
SDGE,,2047-05-01T00:00,2047,2,5,0.6421822373641594,0.0,1.6618874112147024,0.03226480574174096,2.351613290446644,0.04754364186778217,0.005291,0.9304219216089784
SDGE,,2025-07-01T00:00,2025,3,7,0.3077247690028044,0.0,0.7735050903371591,0.017601416734608365,1.107166338043612,0.02593647870364875,0.005291,0.9304219216089784
SDGE,,2025-06-01T00:00,2025,2,6,0.2956843612779592,0.0,0.7735050903371591,0.017601416734608365,1.095125930318767,0.02593647870364875,0.005291,0.9304219216089784
SDGE,,2025-09-01T00:00,2025,3,9,0.27697567639667975,0.0,0.7735050903371591,0.017601416734608365,1.0764172454374876,0.02593647870364875,0.005291,0.9304219216089784
SDGE,,2025-05-01T00:00,2025,2,5,0.2741638622637141,0.0,0.7735050903371591,0.017601416734608365,1.0736054303740998,0.02593647870364875,0.005291,0.9304219216089784
SDGE,,2025-04-01T00:00,2025,2,4,0.2679108500889103,0.0,0.7735050903371591,0.017601416734608365,1.0673524181992964,0.02593647870364875,0.005291,0.9304219216089784
SDGE,,2025-08-01T00:00,2025,3,8,0.3048000732910433,0.0,0.7735050903371591,0.017601416734608365,1.104241641401429,0.02593647870364875,0.005291,0.9304219216089784
SDGE,,2025-10-01T00:00,2025,4,10,0.2846626892626783,0.0,0.7735050903371591,0.017601416734608365,1.0841042583034861,0.02593647870364875,0.005291,0.9304219216089784
SCE,,2021-05-01T00:00,2021,2,5,0.21549138593993641,0.0,0.572685025730357,0.01403099141635556,0.8088517076818296,0.020675296880018554,0.005291,0.8684823959578722
SCE,,2021-06-01T00:00,2021,2,6,0.24431199943578788,0.0,0.572685025730357,0.01403099141635556,0.8376723220461634,0.020675296880018554,0.005291,0.8684823959578722
SCE,,2021-04-01T00:00,2021,2,4,0.21121209699765006,0.0,0.572685025730357,0.01403099141635556,0.8045724196080255,0.020675296880018554,0.005291,0.8684823959578722
SCE,,2021-09-01T00:00,2021,3,9,0.23076967874613075,0.0,0.572685025730357,0.01403099141635556,0.8241300013565063,0.020675296880018554,0.005291,0.8684823959578722
SCE,,2021-07-01T00:00,2021,3,7,0.2571025643689511,0.0,0.572685025730357,0.01403099141635556,0.8504628869793266,0.020675296880018554,0.005291,0.8684823959578722
SCE,,2021-08-01T00:00,2021,3,8,0.25119140568948384,0.0,0.572685025730357,0.01403099141635556,0.8445517282998594,0.020675296880018554,0.005291,0.8684823959578722
SCE,,2021-10-01T00:00,2021,4,10,0.23997853803557126,0.0,0.572685025730357,0.01403099141635556,0.8333388597774645,0.020675296880018554,0.005291,0.8684823959578722
SDGE,,2045-06-01T00:00,2045,2,6,0.6007414143124852,0.0,1.5804672774483488,0.030906894024873368,2.226751389643708,0.04554269788287409,0.005291,0.9304219216089784
SDGE,,2045-08-01T00:00,2045,3,8,0.6117701677690114,0.0,1.5804672774483488,0.030906894024873368,2.2377801431002347,0.04554269788287409,0.005291,0.9304219216089784
SDGE,,2045-07-01T00:00,2045,3,7,0.6069273598143355,0.0,1.5804672774483488,0.030906894024873368,2.2329373351455586,0.04554269788287409,0.005291,0.9304219216089784
SDGE,,2045-05-01T00:00,2045,2,5,0.6201027557461622,0.0,1.5804672774483488,0.030906894024873368,2.2461127310773854,0.04554269788287409,0.005291,0.9304219216089784
SDGE,,2045-09-01T00:00,2045,3,9,0.5575823048035782,0.0,1.5804672774483488,0.030906894024873368,2.183592280134801,0.04554269788287409,0.005291,0.9304219216089784
SDGE,,2045-10-01T00:00,2045,4,10,0.5631396088732495,0.0,1.5804672774483488,0.030906894024873368,2.1891495842044724,0.04554269788287409,0.005291,0.9304219216089784
SDGE,,2045-04-01T00:00,2045,2,4,0.5892766363004135,0.0,1.5804672774483488,0.030906894024873368,2.2152866107012144,0.04554269788287409,0.005291,0.9304219216089784
PGE,,2043-07-01T00:00,2043,3,7,0.5874634708558227,0.0,1.5046814313798442,0.029660044503883754,2.1358503112724083,0.04370540903674137,0.005291,0.9339189862669011
PGE,,2043-04-01T00:00,2043,2,4,0.5704531591622611,0.0,1.5046814313798442,0.029660044503883754,2.1188400005127654,0.04370540903674137,0.005291,0.9339189862669011
PGE,,2043-06-01T00:00,2043,2,6,0.5814997518565701,0.0,1.5046814313798442,0.029660044503883754,2.129886592273156,0.04370540903674137,0.005291,0.9339189862669011
PGE,,2043-08-01T00:00,2043,3,8,0.5921267142041317,0.0,1.5046814313798442,0.029660044503883754,2.1405135546207172,0.04370540903674137,0.005291,0.9339189862669011
PGE,,2043-05-01T00:00,2043,2,5,0.6002709920806316,0.0,1.5046814313798442,0.029660044503883754,2.148657832497217,0.04370540903674137,0.005291,0.9339189862669011
PGE,,2043-09-01T00:00,2043,3,9,0.5396566958861562,0.0,1.5046814313798442,0.029660044503883754,2.088043537236661,0.04370540903674137,0.005291,0.9339189862669011
PGE,,2043-10-01T00:00,2043,4,10,0.5450130602849889,0.0,1.5046814313798442,0.029660044503883754,2.0933999016354936,0.04370540903674137,0.005291,0.9339189862669011
SDGE,,2028-08-01T00:00,2028,3,8,0.4286665175408934,0.0,0.8886138610248452,0.019372874013395425,1.3458271792310095,0.028546800665270777,0.005291,0.9304219216089784
SDGE,,2028-04-01T00:00,2028,2,4,0.41286730946000316,0.0,0.8886138610248452,0.019372874013395425,1.330027972080541,0.028546800665270777,0.005291,0.9304219216089784
SDGE,,2028-09-01T00:00,2028,3,9,0.39068191512340356,0.0,0.8886138610248452,0.019372874013395425,1.3078425777439415,0.028546800665270777,0.005291,0.9304219216089784
SDGE,,2028-10-01T00:00,2028,4,10,0.3945603835557402,0.0,0.8886138610248452,0.019372874013395425,1.311721046176278,0.028546800665270777,0.005291,0.9304219216089784
SDGE,,2028-07-01T00:00,2028,3,7,0.4252897763385186,0.0,0.8886138610248452,0.019372874013395425,1.3424504380286346,0.028546800665270777,0.005291,0.9304219216089784
SDGE,,2028-06-01T00:00,2028,2,6,0.4209715802713884,0.0,0.8886138610248452,0.019372874013395425,1.3381322419615045,0.028546800665270777,0.005291,0.9304219216089784
SDGE,,2028-05-01T00:00,2028,2,5,0.4344211799173107,0.0,0.8886138610248452,0.019372874013395425,1.3515818425378487,0.028546800665270777,0.005291,0.9304219216089784
SDGE,,2034-07-01T00:00,2034,3,7,0.4876346622470267,0.0,1.1328198317110694,0.023444552001129538,1.6550010952634704,0.03454660130537439,0.005291,0.9304219216089784
SDGE,,2034-09-01T00:00,2034,3,9,0.44773609819881427,0.0,1.1328198317110694,0.023444552001129538,1.61510253214568,0.03454660130537439,0.005291,0.9304219216089784
SDGE,,2034-08-01T00:00,2034,3,8,0.49138708176953333,0.0,1.1328198317110694,0.023444552001129538,1.658753515716399,0.03454660130537439,0.005291,0.9304219216089784
SDGE,,2034-05-01T00:00,2034,2,5,0.4985852779401543,0.0,1.1328198317110694,0.023444552001129538,1.66595171188702,0.03454660130537439,0.005291,0.9304219216089784
SDGE,,2034-04-01T00:00,2034,2,4,0.47391800545778884,0.0,1.1328198317110694,0.023444552001129538,1.6412844384742324,0.03454660130537439,0.005291,0.9304219216089784
SDGE,,2034-06-01T00:00,2034,2,6,0.4828007556388748,0.0,1.1328198317110694,0.023444552001129538,1.6501671886553186,0.03454660130537439,0.005291,0.9304219216089784
SDGE,,2034-10-01T00:00,2034,4,10,0.45207135820398675,0.0,1.1328198317110694,0.023444552001129538,1.6194377912204305,0.03454660130537439,0.005291,0.9304219216089784
SCE,,2048-05-01T00:00,2048,2,5,0.6097360523526445,0.0,1.5892531149451024,0.030750648003765424,2.244301629237654,0.045312461939907206,0.005291,0.8684823959578722
SCE,,2048-08-01T00:00,2048,3,8,0.6016518152352369,0.0,1.5892531149451024,0.030750648003765424,2.2362173921202464,0.045312461939907206,0.005291,0.8684823959578722
SCE,,2048-06-01T00:00,2048,2,6,0.5907389821946558,0.0,1.5892531149451024,0.030750648003765424,2.2253045590796656,0.045312461939907206,0.005291,0.8684823959578722
SCE,,2048-04-01T00:00,2048,2,4,0.579393994050811,0.0,1.5892531149451024,0.030750648003765424,2.2139595709358204,0.045312461939907206,0.005291,0.8684823959578722
SCE,,2048-09-01T00:00,2048,3,9,0.5483909954596641,0.0,1.5892531149451024,0.030750648003765424,2.1829565723446738,0.045312461939907206,0.005291,0.8684823959578722
SCE,,2048-07-01T00:00,2048,3,7,0.5968555360922848,0.0,1.5892531149451024,0.030750648003765424,2.2314211129772943,0.045312461939907206,0.005291,0.8684823959578722
SCE,,2048-10-01T00:00,2048,4,10,0.5538877699226536,0.0,1.5892531149451024,0.030750648003765424,2.1884533468076635,0.045312461939907206,0.005291,0.8684823959578722
SDGE,,2036-09-01T00:00,2036,3,9,0.4678237046543732,0.0,1.2140222467477664,0.024794233205678584,1.7183813695730956,0.036535418170956215,0.005291,0.9304219216089784
SDGE,,2036-04-01T00:00,2036,2,4,0.4949586998433891,0.0,1.2140222467477664,0.024794233205678584,1.7455163656925334,0.036535418170956215,0.005291,0.9304219216089784
SDGE,,2036-05-01T00:00,2036,2,5,0.5207450866043316,0.0,1.2140222467477664,0.024794233205678584,1.7713027515230542,0.036535418170956215,0.005291,0.9304219216089784
SDGE,,2036-07-01T00:00,2036,3,7,0.5094409375632283,0.0,1.2140222467477664,0.024794233205678584,1.7599986024819507,0.036535418170956215,0.005291,0.9304219216089784
SDGE,,2036-06-01T00:00,2036,2,6,0.5043555034840543,0.0,1.2140222467477664,0.024794233205678584,1.754913168402777,0.036535418170956215,0.005291,0.9304219216089784
SDGE,,2036-10-01T00:00,2036,4,10,0.4723865216706013,0.0,1.2140222467477664,0.024794233205678584,1.7229441865893238,0.036535418170956215,0.005291,0.9304219216089784
SDGE,,2036-08-01T00:00,2036,3,8,0.5133971306516304,0.0,1.2140222467477664,0.024794233205678584,1.763954795570353,0.036535418170956215,0.005291,0.9304219216089784
SCE,,2029-07-01T00:00,2029,3,7,0.4076173281978325,0.0,0.8670510475156469,0.01870158639241188,1.3022260047643859,0.027557629050906505,0.005291,0.8684823959578722
SCE,,2029-10-01T00:00,2029,4,10,0.3781906677109865,0.0,0.8670510475156469,0.01870158639241188,1.2727993442775398,0.027557629050906505,0.005291,0.8684823959578722
SCE,,2029-06-01T00:00,2029,2,6,0.40346937290042767,0.0,0.8670510475156469,0.01870158639241188,1.2980780503354634,0.027557629050906505,0.005291,0.8684823959578722
SCE,,2029-09-01T00:00,2029,3,9,0.3744646029234077,0.0,0.8670510475156469,0.01870158639241188,1.269073279489961,0.027557629050906505,0.005291,0.8684823959578722
SCE,,2029-08-01T00:00,2029,3,8,0.4108631074562458,0.0,0.8670510475156469,0.01870158639241188,1.3054717848912816,0.027557629050906505,0.005291,0.8684823959578722
SCE,,2029-04-01T00:00,2029,2,4,0.39580893955956437,0.0,0.8670510475156469,0.01870158639241188,1.2904176161261178,0.027557629050906505,0.005291,0.8684823959578722
SCE,,2029-05-01T00:00,2029,2,5,0.41651459337325125,0.0,0.8670510475156469,0.01870158639241188,1.3111232699398045,0.027557629050906505,0.005291,0.8684823959578722
PGE,,2028-09-01T00:00,2028,3,9,0.39215032411736295,0.0,0.8919537867679492,0.019445688498373893,1.3127582079011133,0.028654096081882033,0.005291,0.9339189862669011
PGE,,2028-08-01T00:00,2028,3,8,0.4302776946786103,0.0,0.8919537867679492,0.019445688498373893,1.3508855775284416,0.028654096081882033,0.005291,0.9339189862669011
PGE,,2028-07-01T00:00,2028,3,7,0.42688826172634925,0.0,0.8919537867679492,0.019445688498373893,1.3474961445761806,0.028654096081882033,0.005291,0.9339189862669011
PGE,,2028-10-01T00:00,2028,4,10,0.39604337008121143,0.0,0.8919537867679492,0.019445688498373893,1.3166512538649617,0.028654096081882033,0.005291,0.9339189862669011
PGE,,2028-04-01T00:00,2028,2,4,0.4144191040198598,0.0,0.8919537867679492,0.019445688498373893,1.33502698780361,0.028654096081882033,0.005291,0.9339189862669011
PGE,,2028-06-01T00:00,2028,2,6,0.42255383537648217,0.0,0.8919537867679492,0.019445688498373893,1.3431617182263136,0.028654096081882033,0.005291,0.9339189862669011
PGE,,2028-05-01T00:00,2028,2,5,0.4360539864104281,0.0,0.8919537867679492,0.019445688498373893,1.3566618701941784,0.028654096081882033,0.005291,0.9339189862669011
PGE,,2034-07-01T00:00,2034,3,7,0.489467475838062,0.0,1.1370776249823416,0.023532670211072616,1.6612215482694148,0.034676447449011515,0.005291,0.9339189862669011
PGE,,2034-08-01T00:00,2034,3,8,0.49323399912724597,0.0,1.1370776249823416,0.023532670211072616,1.664988072492518,0.034676447449011515,0.005291,0.9339189862669011
PGE,,2034-10-01T00:00,2034,4,10,0.4537705042934301,0.0,1.1370776249823416,0.023532670211072616,1.625524576724783,0.034676447449011515,0.005291,0.9339189862669011
PGE,,2034-05-01T00:00,2034,2,5,0.500459250289634,0.0,1.1370776249823416,0.023532670211072616,1.672213323654906,0.034676447449011515,0.005291,0.9339189862669011
PGE,,2034-09-01T00:00,2034,3,9,0.4494189498693549,0.0,1.1370776249823416,0.023532670211072616,1.6211730232346266,0.034676447449011515,0.005291,0.9339189862669011
PGE,,2034-06-01T00:00,2034,2,6,0.4846154006081629,0.0,1.1370776249823416,0.023532670211072616,1.6563694730395158,0.034676447449011515,0.005291,0.9339189862669011
PGE,,2034-04-01T00:00,2034,2,4,0.4756992639053259,0.0,1.1370776249823416,0.023532670211072616,1.6474533363366788,0.034676447449011515,0.005291,0.9339189862669011
PGE,,2050-05-01T00:00,2050,2,5,0.6778396348734167,0.0,1.7907229827564342,0.03443059887939067,2.5192976535546032,0.050735034990833074,0.005291,0.9339189862669011
PGE,,2050-09-01T00:00,2050,3,9,0.6097313355177131,0.0,1.7907229827564342,0.03443059887939067,2.4511893541988994,0.050735034990833074,0.005291,0.9339189862669011
PGE,,2050-06-01T00:00,2050,2,6,0.656748340962724,0.0,1.7907229827564342,0.03443059887939067,2.4982063587099916,0.050735034990833074,0.005291,0.9339189862669011
PGE,,2050-07-01T00:00,2050,3,7,0.6635712299404207,0.0,1.7907229827564342,0.03443059887939067,2.505029248621607,0.050735034990833074,0.005291,0.9339189862669011
PGE,,2050-04-01T00:00,2050,2,4,0.6440872769133416,0.0,1.7907229827564342,0.03443059887939067,2.485545295594528,0.050735034990833074,0.005291,0.9339189862669011
PGE,,2050-08-01T00:00,2050,3,8,0.6689266548167533,0.0,1.7907229827564342,0.03443059887939067,2.51038467256402,0.050735034990833074,0.005291,0.9339189862669011
PGE,,2050-10-01T00:00,2050,4,10,0.615864097589156,0.0,1.7907229827564342,0.03443059887939067,2.457322115336423,0.050735034990833074,0.005291,0.9339189862669011
SCE,,2025-04-01T00:00,2025,2,4,0.2500756394324425,0.0,0.7220117438547934,0.016429665104505154,0.996297232427771,0.024209850009017486,0.005291,0.8684823959578722
SCE,,2025-09-01T00:00,2025,3,9,0.2585370072139533,0.0,0.7220117438547934,0.016429665104505154,1.004758601077764,0.024209850009017486,0.005291,0.8684823959578722
SCE,,2025-10-01T00:00,2025,4,10,0.2657122845763746,0.0,0.7220117438547934,0.016429665104505154,1.0119338784401855,0.024209850009017486,0.005291,0.8684823959578722
SCE,,2025-05-01T00:00,2025,2,5,0.2559123795923649,0.0,0.7220117438547934,0.016429665104505154,1.0021339725876932,0.024209850009017486,0.005291,0.8684823959578722
SCE,,2025-07-01T00:00,2025,3,7,0.2872390884954396,0.0,0.7220117438547934,0.016429665104505154,1.0334606823592505,0.024209850009017486,0.005291,0.8684823959578722
SCE,,2025-08-01T00:00,2025,3,8,0.28450909398412644,0.0,0.7220117438547934,0.016429665104505154,1.0307306869794548,0.024209850009017486,0.005291,0.8684823959578722
SCE,,2025-06-01T00:00,2025,2,6,0.2760002280318984,0.0,0.7220117438547934,0.016429665104505154,1.0222218218957093,0.024209850009017486,0.005291,0.8684823959578722
PGE,,2031-05-01T00:00,2031,2,5,0.4690307237184894,0.0,1.0148161947759362,0.02150053721047474,1.5155289274889847,0.03168200899455916,0.005291,0.9339189862669011
PGE,,2031-06-01T00:00,2031,2,6,0.45416190226922265,0.0,1.0148161947759362,0.02150053721047474,1.500660106039718,0.03168200899455916,0.005291,0.9339189862669011
PGE,,2031-07-01T00:00,2031,3,7,0.45867616032340935,0.0,1.0148161947759362,0.02150053721047474,1.5051743640939048,0.03168200899455916,0.005291,0.9339189862669011
PGE,,2031-10-01T00:00,2031,4,10,0.4251333747177716,0.0,1.0148161947759362,0.02150053721047474,1.471631577554348,0.03168200899455916,0.005291,0.9339189862669011
PGE,,2031-04-01T00:00,2031,2,4,0.4458601516428533,0.0,1.0148161947759362,0.02150053721047474,1.4923583554133486,0.03168200899455916,0.005291,0.9339189862669011
PGE,,2031-08-01T00:00,2031,3,8,0.46217259424176493,0.0,1.0148161947759362,0.02150053721047474,1.5086707980122602,0.03168200899455916,0.005291,0.9339189862669011
PGE,,2031-09-01T00:00,2031,3,9,0.4210866122262164,0.0,1.0148161947759362,0.02150053721047474,1.4675848159967118,0.03168200899455916,0.005291,0.9339189862669011
SCE,,2039-06-01T00:00,2039,2,6,0.5007696192241943,0.0,1.2472536632571691,0.025046836890885948,1.7849309226600785,0.03690764017871489,0.005291,0.8684823959578722
SCE,,2039-05-01T00:00,2039,2,5,0.5169927661627999,0.0,1.2472536632571691,0.025046836890885948,1.801154069598684,0.03690764017871489,0.005291,0.8684823959578722
SCE,,2039-04-01T00:00,2039,2,4,0.49135493916021816,0.0,1.2472536632571691,0.025046836890885948,1.7755162425961024,0.03690764017871489,0.005291,0.8684823959578722
SCE,,2039-08-01T00:00,2039,3,8,0.5098276126996683,0.0,1.2472536632571691,0.025046836890885948,1.7939889161355524,0.03690764017871489,0.005291,0.8684823959578722
SCE,,2039-10-01T00:00,2039,4,10,0.4691762462753703,0.0,1.2472536632571691,0.025046836890885948,1.7533375497112544,0.03690764017871489,0.005291,0.8684823959578722
SCE,,2039-07-01T00:00,2039,3,7,0.505858925196025,0.0,1.2472536632571691,0.025046836890885948,1.7900202286319093,0.03690764017871489,0.005291,0.8684823959578722
SCE,,2039-09-01T00:00,2039,3,9,0.46460775443219476,0.0,1.2472536632571691,0.025046836890885948,1.7487690578680788,0.03690764017871489,0.005291,0.8684823959578722
SDGE,,2044-09-01T00:00,2044,3,9,0.5476091271126023,0.0,1.5397572105651722,0.030227938166439563,2.1319085631029835,0.044542225425209095,0.005291,0.9304219216089784
SDGE,,2044-05-01T00:00,2044,2,5,0.6090630149371637,0.0,1.5397572105651722,0.030227938166439563,2.193362450927545,0.044542225425209095,0.005291,0.9304219216089784
SDGE,,2044-10-01T00:00,2044,4,10,0.5530559324140195,0.0,1.5397572105651722,0.030227938166439563,2.1373553693348226,0.044542225425209095,0.005291,0.9304219216089784
SDGE,,2044-08-01T00:00,2044,3,8,0.6008398306216652,0.0,1.5397572105651722,0.030227938166439563,2.1851392666120466,0.044542225425209095,0.005291,0.9304219216089784
SDGE,,2044-07-01T00:00,2044,3,7,0.5960955348096273,0.0,1.5397572105651722,0.030227938166439563,2.1803949717304305,0.044542225425209095,0.005291,0.9304219216089784
SDGE,,2044-06-01T00:00,2044,2,6,0.5900318690784025,0.0,1.5397572105651722,0.030227938166439563,2.174331305068784,0.044542225425209095,0.005291,0.9304219216089784
SDGE,,2044-04-01T00:00,2044,2,4,0.5787968652728256,0.0,1.5397572105651722,0.030227938166439563,2.1630963021936287,0.044542225425209095,0.005291,0.9304219216089784
SDGE,,2023-07-01T00:00,2023,3,7,0.2663849525549401,0.0,0.698593869199663,0.016533604059944997,0.9893418313818517,0.024363008696826623,0.005291,0.9304219216089784
SDGE,,2023-06-01T00:00,2023,2,6,0.25130423023824516,0.0,0.698593869199663,0.016533604059944997,0.9742611081347349,0.024363008696826623,0.005291,0.9304219216089784
SDGE,,2023-09-01T00:00,2023,3,9,0.23777946087485421,0.0,0.698593869199663,0.016533604059944997,0.9607363387713439,0.024363008696826623,0.005291,0.9304219216089784
SDGE,,2023-08-01T00:00,2023,3,8,0.2617807624671238,0.0,0.698593869199663,0.016533604059944997,0.9847376403636134,0.024363008696826623,0.005291,0.9304219216089784
SDGE,,2023-05-01T00:00,2023,2,5,0.21765948690148634,0.0,0.698593869199663,0.016533604059944997,0.9406163647979761,0.024363008696826623,0.005291,0.9304219216089784
SDGE,,2023-10-01T00:00,2023,4,10,0.24916206123154372,0.0,0.698593869199663,0.016533604059944997,0.9721189391280334,0.024363008696826623,0.005291,0.9304219216089784
SDGE,,2023-04-01T00:00,2023,2,4,0.21593375427761483,0.0,0.698593869199663,0.016533604059944997,0.9388906321741044,0.024363008696826623,0.005291,0.9304219216089784
SDGE,,2038-06-01T00:00,2038,2,6,0.5257745948826414,0.0,1.295551239878948,0.026156260178705457,1.8598682604771168,0.038542425715527406,0.005291,0.9304219216089784
SDGE,,2038-07-01T00:00,2038,3,7,0.5311045866422226,0.0,1.295551239878948,0.026156260178705457,1.8651982522366979,0.038542425715527406,0.005291,0.9304219216089784
SDGE,,2038-10-01T00:00,2038,4,10,0.4925538745890613,0.0,1.295551239878948,0.026156260178705457,1.8266475401835367,0.038542425715527406,0.005291,0.9304219216089784
SDGE,,2038-09-01T00:00,2038,3,9,0.487770060036325,0.0,1.295551239878948,0.026156260178705457,1.8218637256308003,0.038542425715527406,0.005291,0.9304219216089784
SDGE,,2038-08-01T00:00,2038,3,8,0.5352578058767445,0.0,1.295551239878948,0.026156260178705457,1.869351470540798,0.038542425715527406,0.005291,0.9304219216089784
SDGE,,2038-05-01T00:00,2038,2,5,0.5428245691527506,0.0,1.295551239878948,0.026156260178705457,1.876918233816804,0.038542425715527406,0.005291,0.9304219216089784
SDGE,,2038-04-01T00:00,2038,2,4,0.5159182418985647,0.0,1.295551239878948,0.026156260178705457,1.8500119065626182,0.038542425715527406,0.005291,0.9304219216089784
SCE,,2024-07-01T00:00,2024,3,7,0.2506595774670831,0.0,0.6894747317804302,0.015924580060523143,0.9635998932922196,0.02346558404470628,0.005291,0.8684823959578722
SCE,,2024-08-01T00:00,2024,3,8,0.24596893531188094,0.0,0.6894747317804302,0.015924580060523143,0.9589092511370173,0.02346558404470628,0.005291,0.8684823959578722
SCE,,2024-05-01T00:00,2024,2,5,0.2060494598462342,0.0,0.6894747317804302,0.015924580060523143,0.9189897756713706,0.02346558404470628,0.005291,0.8684823959578722
SCE,,2024-04-01T00:00,2024,2,4,0.20497347268837493,0.0,0.6894747317804302,0.015924580060523143,0.9179137885135114,0.02346558404470628,0.005291,0.8684823959578722
SCE,,2024-10-01T00:00,2024,4,10,0.23151840263058038,0.0,0.6894747317804302,0.015924580060523143,0.9444587184557168,0.02346558404470628,0.005291,0.8684823959578722
SCE,,2024-09-01T00:00,2024,3,9,0.22315812446299432,0.0,0.6894747317804302,0.015924580060523143,0.9360984402881308,0.02346558404470628,0.005291,0.8684823959578722
SCE,,2024-06-01T00:00,2024,2,6,0.2370180057407335,0.0,0.6894747317804302,0.015924580060523143,0.9499583215658699,0.02346558404470628,0.005291,0.8684823959578722
SDGE,,2032-09-01T00:00,2032,3,9,0.4285334448759772,0.0,1.0510731207806532,0.022074295446206035,1.5121340322981074,0.03252746664147694,0.005291,0.9304219216089784
SDGE,,2032-07-01T00:00,2032,3,7,0.4667770367483003,0.0,1.0510731207806532,0.022074295446206035,1.5503776232400086,0.03252746664147694,0.005291,0.9304219216089784
SDGE,,2032-04-01T00:00,2032,2,4,0.453736099810053,0.0,1.0510731207806532,0.022074295446206035,1.537336686301761,0.03252746664147694,0.005291,0.9304219216089784
SDGE,,2032-08-01T00:00,2032,3,8,0.4703406243505507,0.0,1.0510731207806532,0.022074295446206035,1.5539412117726807,0.03252746664147694,0.005291,0.9304219216089784
SDGE,,2032-10-01T00:00,2032,4,10,0.4326567389502345,0.0,1.0510731207806532,0.022074295446206035,1.5162573263723644,0.03252746664147694,0.005291,0.9304219216089784
SDGE,,2032-06-01T00:00,2032,2,6,0.46217773974936976,0.0,1.0510731207806532,0.022074295446206035,1.545778326241078,0.03252746664147694,0.005291,0.9304219216089784
SDGE,,2032-05-01T00:00,2032,2,5,0.47732594556803903,0.0,1.0510731207806532,0.022074295446206035,1.5609265329901691,0.03252746664147694,0.005291,0.9304219216089784
SCE,,2030-06-01T00:00,2030,2,6,0.4134373526770799,0.0,0.905152599128909,0.019339184480369143,1.347087110323737,0.028497158517748113,0.005291,0.8684823959578722
SCE,,2030-09-01T00:00,2030,3,9,0.3833033957845538,0.0,0.905152599128909,0.019339184480369143,1.316953153431211,0.028497158517748113,0.005291,0.8684823959578722
SCE,,2030-08-01T00:00,2030,3,8,0.4207117855431301,0.0,0.905152599128909,0.019339184480369143,1.354361542321305,0.028497158517748113,0.005291,0.8684823959578722
SCE,,2030-10-01T00:00,2030,4,10,0.38697880633638837,0.0,0.905152599128909,0.019339184480369143,1.3206285639830455,0.028497158517748113,0.005291,0.8684823959578722
SCE,,2030-04-01T00:00,2030,2,4,0.4065001966864647,0.0,0.905152599128909,0.019339184480369143,1.3401499534646395,0.028497158517748113,0.005291,0.8684823959578722
SCE,,2030-05-01T00:00,2030,2,5,0.4277745918298277,0.0,0.905152599128909,0.019339184480369143,1.3614243486080024,0.028497158517748113,0.005291,0.8684823959578722
SCE,,2030-07-01T00:00,2030,3,7,0.41753791315317246,0.0,0.905152599128909,0.019339184480369143,1.3511876699313472,0.028497158517748113,0.005291,0.8684823959578722
SCE,,2049-08-01T00:00,2049,3,8,0.6118545041163616,0.0,1.6272530541180374,0.03138440479408537,2.285353889741373,0.04624633150697435,0.005291,0.8684823959578722
SCE,,2049-05-01T00:00,2049,2,5,0.6200408617362978,0.0,1.6272530541180374,0.03138440479408537,2.293540246492827,0.04624633150697435,0.005291,0.8684823959578722
SCE,,2049-09-01T00:00,2049,3,9,0.5577002443662182,0.0,1.6272530541180374,0.03138440479408537,2.23119962999123,0.04624633150697435,0.005291,0.8684823959578722
SCE,,2049-10-01T00:00,2049,4,10,0.5633001615355164,0.0,1.6272530541180374,0.03138440479408537,2.236799546292046,0.04624633150697435,0.005291,0.8684823959578722
SCE,,2049-06-01T00:00,2049,2,6,0.6007355775977724,0.0,1.6272530541180374,0.03138440479408537,2.274234963222784,0.04624633150697435,0.005291,0.8684823959578722
SCE,,2049-04-01T00:00,2049,2,4,0.589176111646869,0.0,1.6272530541180374,0.03138440479408537,2.2626754964033986,0.04624633150697435,0.005291,0.8684823959578722
SCE,,2049-07-01T00:00,2049,3,7,0.6069662709258077,0.0,1.6272530541180374,0.03138440479408537,2.2804656556823373,0.04624633150697435,0.005291,0.8684823959578722
PGE,,2020-07-01T00:00,2020,3,7,0.24323771877770217,0.0,0.57062242450717,0.014123732476752233,0.8346720982910965,0.020811955006224205,0.005291,0.9339189862669011
PGE,,2020-04-01T00:00,2020,2,4,0.1781105131080562,0.0,0.57062242450717,0.014123732476752233,0.7695448916875315,0.020811955006224205,0.005291,0.9339189862669011
PGE,,2020-09-01T00:00,2020,3,9,0.22307994506986936,0.0,0.57062242450717,0.014123732476752233,0.8145143236493446,0.020811955006224205,0.005291,0.9339189862669011
PGE,,2020-10-01T00:00,2020,4,10,0.2444478153526689,0.0,0.57062242450717,0.014123732476752233,0.8358821948660632,0.020811955006224205,0.005291,0.9339189862669011
PGE,,2020-06-01T00:00,2020,2,6,0.22234001880151083,0.0,0.57062242450717,0.014123732476752233,0.8137743973809861,0.020811955006224205,0.005291,0.9339189862669011
PGE,,2020-05-01T00:00,2020,2,5,0.18230705098919592,0.0,0.57062242450717,0.014123732476752233,0.7737414305025903,0.020811955006224205,0.005291,0.9339189862669011
PGE,,2020-08-01T00:00,2020,3,8,0.23362693686855587,0.0,0.57062242450717,0.014123732476752233,0.8250613163819501,0.020811955006224205,0.005291,0.9339189862669011
SCE,,2041-05-01T00:00,2041,2,5,0.5376023849301065,0.0,1.323304347823203,0.02631627068610329,1.8996849407133223,0.038778207960012814,0.005291,0.8684823959578722
SCE,,2041-07-01T00:00,2041,3,7,0.5260803939945887,0.0,1.323304347823203,0.02631627068610329,1.8881629497778043,0.038778207960012814,0.005291,0.8684823959578722
SCE,,2041-08-01T00:00,2041,3,8,0.5302329913303999,0.0,1.323304347823203,0.02631627068610329,1.8923155471136155,0.038778207960012814,0.005291,0.8684823959578722
SCE,,2041-09-01T00:00,2041,3,9,0.48322625224530297,0.0,1.323304347823203,0.02631627068610329,1.8453088080285187,0.038778207960012814,0.005291,0.8684823959578722
SCE,,2041-04-01T00:00,2041,2,4,0.5109191734838519,0.0,1.323304347823203,0.02631627068610329,1.8730017292670673,0.038778207960012814,0.005291,0.8684823959578722
SCE,,2041-10-01T00:00,2041,4,10,0.4880010295010961,0.0,1.323304347823203,0.02631627068610329,1.8500835852843116,0.038778207960012814,0.005291,0.8684823959578722
SCE,,2041-06-01T00:00,2041,2,6,0.52076281089891,0.0,1.323304347823203,0.02631627068610329,1.8828453666821259,0.038778207960012814,0.005291,0.8684823959578722
PGE,,2035-04-01T00:00,2035,2,4,0.48634061140703294,0.0,1.1778314353624495,0.024210047255325915,1.6998466406812842,0.035674592977882974,0.005291,0.9339189862669011
PGE,,2035-07-01T00:00,2035,3,7,0.5005547556469268,0.0,1.1778314353624495,0.024210047255325915,1.714060783987259,0.035674592977882974,0.005291,0.9339189862669011
PGE,,2035-10-01T00:00,2035,4,10,0.46411463020991967,0.0,1.1778314353624495,0.024210047255325915,1.677620659484171,0.035674592977882974,0.005291,0.9339189862669011
PGE,,2035-09-01T00:00,2035,3,9,0.4596422845719987,0.0,1.1778314353624495,0.024210047255325915,1.67314831384625,0.035674592977882974,0.005291,0.9339189862669011
PGE,,2035-05-01T00:00,2035,2,5,0.5116614282835412,0.0,1.1778314353624495,0.024210047255325915,1.7251674566238737,0.035674592977882974,0.005291,0.9339189862669011
PGE,,2035-06-01T00:00,2035,2,6,0.49556944846836565,0.0,1.1778314353624495,0.024210047255325915,1.709075477742617,0.035674592977882974,0.005291,0.9339189862669011
PGE,,2035-08-01T00:00,2035,3,8,0.5044303214491093,0.0,1.1778314353624495,0.024210047255325915,1.7179363507233607,0.035674592977882974,0.005291,0.9339189862669011
SCE,,2040-04-01T00:00,2040,2,4,0.5011370567562762,0.0,1.2852536024301042,0.02568059368120589,1.8242321680636802,0.03784150887729964,0.005291,0.8684823959578722
SCE,,2040-09-01T00:00,2040,3,9,0.4739170033387489,0.0,1.2852536024301042,0.02568059368120589,1.797012114646153,0.03784150887729964,0.005291,0.8684823959578722
SCE,,2040-08-01T00:00,2040,3,8,0.5200303015807928,0.0,1.2852536024301042,0.02568059368120589,1.8431254128881969,0.03784150887729964,0.005291,0.8684823959578722
SCE,,2040-10-01T00:00,2040,4,10,0.47858863788823314,0.0,1.2852536024301042,0.02568059368120589,1.8016837491956372,0.03784150887729964,0.005291,0.8684823959578722
SCE,,2040-06-01T00:00,2040,2,6,0.5107662154957934,0.0,1.2852536024301042,0.02568059368120589,1.8338613268031974,0.03784150887729964,0.005291,0.8684823959578722
SCE,,2040-07-01T00:00,2040,3,7,0.515969660029548,0.0,1.2852536024301042,0.02568059368120589,1.8390647713369521,0.03784150887729964,0.005291,0.8684823959578722
SCE,,2040-05-01T00:00,2040,2,5,0.5272975755464532,0.0,1.2852536024301042,0.02568059368120589,1.8503926868538572,0.03784150887729964,0.005291,0.8684823959578722
PGE,,2022-04-01T00:00,2022,2,4,0.2161491137357399,0.0,0.6637812346993488,0.016081518054691372,0.9036271885290811,0.02369684009399253,0.005291,0.9339189862669011
PGE,,2022-08-01T00:00,2022,3,8,0.2614854656567156,0.0,0.6637812346993488,0.016081518054691372,0.9489635404500568,0.02369684009399253,0.005291,0.9339189862669011
PGE,,2022-10-01T00:00,2022,4,10,0.2482291776806257,0.0,0.6637812346993488,0.016081518054691372,0.935707252473967,0.02369684009399253,0.005291,0.9339189862669011
PGE,,2022-06-01T00:00,2022,2,6,0.2512567020830046,0.0,0.6637812346993488,0.016081518054691372,0.9387347768763458,0.02369684009399253,0.005291,0.9339189862669011
PGE,,2022-09-01T00:00,2022,3,9,0.23728352948778536,0.0,0.6637812346993488,0.016081518054691372,0.9247616042811266,0.02369684009399253,0.005291,0.9339189862669011
PGE,,2022-07-01T00:00,2022,3,7,0.26635389380806423,0.0,0.6637812346993488,0.016081518054691372,0.9538319676674865,0.02369684009399253,0.005291,0.9339189862669011
PGE,,2022-05-01T00:00,2022,2,5,0.2174989787583534,0.0,0.6637812346993488,0.016081518054691372,0.9049770535516947,0.02369684009399253,0.005291,0.9339189862669011
SCE,,2023-11-01T00:00,2023,4,11,0.2675941990801757,0.3134944837764806,0.6520874704615828,0.015432938255548163,1.2559172823505682,0.022741128163846873,0.005291,0.8684823959578722
SCE,,2023-03-01T00:00,2023,1,3,0.21774301513666158,0.3134944837764806,0.6520874704615828,0.015432938255548163,1.2060660984070541,0.022741128163846873,0.005291,0.8684823959578722
SCE,,2023-02-01T00:00,2023,1,2,0.26026887401420473,0.3134944837764806,0.6520874704615828,0.015432938255548163,1.2485919572845974,0.022741128163846873,0.005291,0.8684823959578722
SCE,,2023-12-01T00:00,2023,4,12,0.2794341032076283,0.3134944837764806,0.6520874704615828,0.015432938255548163,1.2677571864780208,0.022741128163846873,0.005291,0.8684823959578722
SCE,,2023-01-01T00:00,2023,1,1,0.27265354327782826,0.3134944837764806,0.6520874704615828,0.015432938255548163,1.2609766265482207,0.022741128163846873,0.005291,0.8684823959578722
PGE,,2045-02-01T00:00,2045,1,2,0.6628340587330717,0.49490461769177385,1.5864075891828469,0.031023060039742874,2.7898601393361626,0.045713873728470286,0.005291,0.9339189862669011
PGE,,2045-12-01T00:00,2045,4,12,0.6135761258875412,0.49490461769177385,1.5864075891828469,0.031023060039742874,2.740602206490632,0.045713873728470286,0.005291,0.9339189862669011
PGE,,2045-01-01T00:00,2045,1,1,0.6492625525528991,0.49490461769177385,1.5864075891828469,0.031023060039742874,2.77628863315599,0.045713873728470286,0.005291,0.9339189862669011
PGE,,2045-03-01T00:00,2045,1,3,0.5921753358943946,0.49490461769177385,1.5864075891828469,0.031023060039742874,2.7192014155635666,0.045713873728470286,0.005291,0.9339189862669011
PGE,,2045-11-01T00:00,2045,4,11,0.5549219360596856,0.49490461769177385,1.5864075891828469,0.031023060039742874,2.681948015728858,0.045713873728470286,0.005291,0.9339189862669011
SCE,,2022-03-01T00:00,2022,1,3,0.21704502799378378,0.306756971913601,0.6172722961848154,0.014954739689580214,1.163110777590157,0.02203648149795687,0.005291,0.8684823959578722
SCE,,2022-11-01T00:00,2022,4,11,0.26525342624488224,0.306756971913601,0.6172722961848154,0.014954739689580214,1.2113191758412554,0.02203648149795687,0.005291,0.8684823959578722
SCE,,2022-12-01T00:00,2022,4,12,0.27698599463301843,0.306756971913601,0.6172722961848154,0.014954739689580214,1.2230517442293916,0.02203648149795687,0.005291,0.8684823959578722
SCE,,2022-01-01T00:00,2022,1,1,0.2797015332548508,0.306756971913601,0.6172722961848154,0.014954739689580214,1.225767282851224,0.02203648149795687,0.005291,0.8684823959578722
SCE,,2022-02-01T00:00,2022,1,2,0.2576934172604283,0.306756971913601,0.6172722961848154,0.014954739689580214,1.2037591668568015,0.02203648149795687,0.005291,0.8684823959578722
PGE,,2022-12-01T00:00,2022,4,12,0.2978557544997675,0.3298698529448963,0.6637812346993488,0.016081518054691372,1.3152036822380049,0.02369684009399253,0.005291,0.9339189862669011
PGE,,2022-02-01T00:00,2022,1,2,0.27710956046504226,0.3298698529448963,0.6637812346993488,0.016081518054691372,1.2944574882032798,0.02369684009399253,0.005291,0.9339189862669011
PGE,,2022-01-01T00:00,2022,1,1,0.3007758978310243,0.3298698529448963,0.6637812346993488,0.016081518054691372,1.3181238255692618,0.02369684009399253,0.005291,0.9339189862669011
PGE,,2022-03-01T00:00,2022,1,3,0.23339848160613524,0.3298698529448963,0.6637812346993488,0.016081518054691372,1.2507464093443728,0.02369684009399253,0.005291,0.9339189862669011
PGE,,2022-11-01T00:00,2022,4,11,0.2852391851526477,0.3298698529448963,0.6637812346993488,0.016081518054691372,1.3025871128908852,0.02369684009399253,0.005291,0.9339189862669011
SDGE,,2038-01-01T00:00,2038,1,1,0.566566072753537,0.44305876857416226,1.295551239878948,0.026156260178705457,2.3437185069221744,0.038542425715527406,0.005291,0.9304219216089784
SDGE,,2038-12-01T00:00,2038,4,12,0.5344905846122954,0.44305876857416226,1.295551239878948,0.026156260178705457,2.311643018780933,0.038542425715527406,0.005291,0.9304219216089784
SDGE,,2038-03-01T00:00,2038,1,3,0.5165930862225269,0.44305876857416226,1.295551239878948,0.026156260178705457,2.293745519460743,0.038542425715527406,0.005291,0.9304219216089784
SDGE,,2038-02-01T00:00,2038,1,2,0.5783210893711013,0.44305876857416226,1.295551239878948,0.026156260178705457,2.3554735235397386,0.038542425715527406,0.005291,0.9304219216089784
SDGE,,2038-11-01T00:00,2038,4,11,0.48347259283918625,0.44305876857416226,1.295551239878948,0.026156260178705457,2.2606250270078236,0.038542425715527406,0.005291,0.9304219216089784
SDGE,,2049-01-01T00:00,2049,1,1,0.6926972784024796,0.5216186876591878,1.7433075449810558,0.03362271745860856,3.0071680959649916,0.04954458585269024,0.005291,0.9304219216089784
SDGE,,2049-11-01T00:00,2049,4,11,0.5924848473888613,0.5216186876591878,1.7433075449810558,0.03362271745860856,2.9069556649513735,0.04954458585269024,0.005291,0.9304219216089784
SDGE,,2049-12-01T00:00,2049,4,12,0.6551574455761766,0.5216186876591878,1.7433075449810558,0.03362271745860856,2.9696282631386888,0.04954458585269024,0.005291,0.9304219216089784
SDGE,,2049-02-01T00:00,2049,1,2,0.7072269211192248,0.5216186876591878,1.7433075449810558,0.03362271745860856,3.0216977386817363,0.04954458585269024,0.005291,0.9304219216089784
SDGE,,2049-03-01T00:00,2049,1,3,0.6318807016815626,0.5216186876591878,1.7433075449810558,0.03362271745860856,2.946351519244075,0.04954458585269024,0.005291,0.9304219216089784
SDGE,,2045-01-01T00:00,2045,1,1,0.6468313854392277,0.4930514446938774,1.5804672774483488,0.030906894024873368,2.765892805464328,0.04554269788287409,0.005291,0.9304219216089784
SDGE,,2045-11-01T00:00,2045,4,11,0.5528440278909511,0.4930514446938774,1.5804672774483488,0.030906894024873368,2.6719054469856296,0.04554269788287409,0.005291,0.9304219216089784
SDGE,,2045-02-01T00:00,2045,1,2,0.6603520730416486,0.4930514446938774,1.5804672774483488,0.030906894024873368,2.779413493066749,0.04554269788287409,0.005291,0.9304219216089784
SDGE,,2045-03-01T00:00,2045,1,3,0.58995793216998,0.4930514446938774,1.5804672774483488,0.030906894024873368,2.7090193512646588,0.04554269788287409,0.005291,0.9304219216089784
SDGE,,2045-12-01T00:00,2045,4,12,0.6112785867901047,0.4930514446938774,1.5804672774483488,0.030906894024873368,2.7303400068152053,0.04554269788287409,0.005291,0.9304219216089784
SDGE,,2026-01-01T00:00,2026,1,1,0.37419550764585413,0.35735703874780894,0.8109493753450664,0.018156926073326928,1.5692569689014153,0.026755046232263817,0.005291,0.9304219216089784
SDGE,,2026-02-01T00:00,2026,1,2,0.3724259958793052,0.35735703874780894,0.8109493753450664,0.018156926073326928,1.567487457134866,0.026755046232263817,0.005291,0.9304219216089784
SDGE,,2026-12-01T00:00,2026,4,12,0.3624542528989324,0.35735703874780894,0.8109493753450664,0.018156926073326928,1.5575157141544935,0.026755046232263817,0.005291,0.9304219216089784
SDGE,,2026-11-01T00:00,2026,4,11,0.3356665479267982,0.35735703874780894,0.8109493753450664,0.018156926073326928,1.5307280091823594,0.026755046232263817,0.005291,0.9304219216089784
SDGE,,2026-03-01T00:00,2026,1,3,0.32473506356922266,0.35735703874780894,0.8109493753450664,0.018156926073326928,1.5197965248247838,0.026755046232263817,0.005291,0.9304219216089784
SDGE,,2042-11-01T00:00,2042,4,11,0.5231134123370965,0.47162601153947264,1.4583370767988189,0.02887002644957197,2.4956177839765328,0.042541281440301025,0.005291,0.9304219216089784
SDGE,,2042-03-01T00:00,2042,1,3,0.5585158548036876,0.47162601153947264,1.4583370767988189,0.02887002644957197,2.5310202264431236,0.042541281440301025,0.005291,0.9304219216089784
SDGE,,2042-02-01T00:00,2042,1,2,0.6251959374486774,0.47162601153947264,1.4583370767988189,0.02887002644957197,2.597700308157692,0.042541281440301025,0.005291,0.9304219216089784
SDGE,,2042-01-01T00:00,2042,1,1,0.6124319657167888,0.47162601153947264,1.4583370767988189,0.02887002644957197,2.584936336425803,0.042541281440301025,0.005291,0.9304219216089784
SDGE,,2042-12-01T00:00,2042,4,12,0.5783694433983673,0.47162601153947264,1.4583370767988189,0.02887002644957197,2.5508738141073817,0.042541281440301025,0.005291,0.9304219216089784
SDGE,,2033-03-01T00:00,2033,1,3,0.4642326630924819,0.4073497148675242,1.0920009063934863,0.022761480886536463,1.9971233496415388,0.03354006528804627,0.005291,0.9304219216089784
SDGE,,2033-12-01T00:00,2033,4,12,0.47972781766318756,0.4073497148675242,1.0920009063934863,0.022761480886536463,2.012618504212244,0.03354006528804627,0.005291,0.9304219216089784
SDGE,,2033-02-01T00:00,2033,1,2,0.5197784098621251,0.4073497148675242,1.0920009063934863,0.022761480886536463,2.05266909548076,0.03354006528804627,0.005291,0.9304219216089784
SDGE,,2033-11-01T00:00,2033,4,11,0.43399664886376277,0.4073497148675242,1.0920009063934863,0.022761480886536463,1.9668873354128196,0.03354006528804627,0.005291,0.9304219216089784
SDGE,,2033-01-01T00:00,2033,1,1,0.5092861990934454,0.4073497148675242,1.0920009063934863,0.022761480886536463,2.0421768847120805,0.03354006528804627,0.005291,0.9304219216089784
PGE,,2047-11-01T00:00,2047,4,11,0.574816842392211,0.5092419252997386,1.6681337469858493,0.03238607557560199,2.799914852164079,0.0477223384201992,0.005291,0.9339189862669011
PGE,,2047-01-01T00:00,2047,1,1,0.6722816943345071,0.5092419252997386,1.6681337469858493,0.03238607557560199,2.8973797041063754,0.0477223384201992,0.005291,0.9339189862669011
PGE,,2047-12-01T00:00,2047,4,12,0.6355980168346665,0.5092419252997386,1.6681337469858493,0.03238607557560199,2.8606960266065347,0.0477223384201992,0.005291,0.9339189862669011
PGE,,2047-03-01T00:00,2047,1,3,0.613215505211941,0.5092419252997386,1.6681337469858493,0.03238607557560199,2.838313515917728,0.0477223384201992,0.005291,0.9339189862669011
PGE,,2047-02-01T00:00,2047,1,2,0.6863595741907905,0.5092419252997386,1.6681337469858493,0.03238607557560199,2.9114575848965774,0.0477223384201992,0.005291,0.9339189862669011
PGE,,2050-12-01T00:00,2050,4,12,0.668630851854476,0.5307478867116855,1.7907229827564342,0.03443059887939067,3.0408367572473476,0.050735034990833074,0.005291,0.9339189862669011
PGE,,2050-01-01T00:00,2050,1,1,0.706810407006919,0.5307478867116855,1.7907229827564342,0.03443059887939067,3.0790163123997907,0.050735034990833074,0.005291,0.9339189862669011
PGE,,2050-03-01T00:00,2050,1,3,0.6447757601221795,0.5307478867116855,1.7907229827564342,0.03443059887939067,3.0169816655150514,0.050735034990833074,0.005291,0.9339189862669011
PGE,,2050-02-01T00:00,2050,1,2,0.7216478478443282,0.5307478867116855,1.7907229827564342,0.03443059887939067,3.093853752303281,0.050735034990833074,0.005291,0.9339189862669011
PGE,,2050-11-01T00:00,2050,4,11,0.6046592018909989,0.5307478867116855,1.7907229827564342,0.03443059887939067,2.9768651063499516,0.050735034990833074,0.005291,0.9339189862669011
SDGE,,2048-02-01T00:00,2048,1,2,0.6955082095650417,0.5144768769178603,1.702597478097879,0.03294376160017476,2.9611266779758063,0.04854411339502524,0.005291,0.9304219216089784
SDGE,,2048-11-01T00:00,2048,4,11,0.5825746425143837,0.5144768769178603,1.702597478097879,0.03294376160017476,2.8481931099947264,0.04854411339502524,0.005291,0.9304219216089784
SDGE,,2048-12-01T00:00,2048,4,12,0.6441877311122641,0.5144768769178603,1.702597478097879,0.03294376160017476,2.9098061995230284,0.04854411339502524,0.005291,0.9304219216089784
SDGE,,2048-01-01T00:00,2048,1,1,0.6812308051616667,0.5144768769178603,1.702597478097879,0.03294376160017476,2.946849273572431,0.04854411339502524,0.005291,0.9304219216089784
SDGE,,2048-03-01T00:00,2048,1,3,0.6214000095362725,0.5144768769178603,1.702597478097879,0.03294376160017476,2.8870184770166154,0.04854411339502524,0.005291,0.9304219216089784
PGE,,2025-03-01T00:00,2025,1,3,0.2814632787794087,0.35153153974428936,0.7764123706272275,0.017667573056769737,1.4354411521688613,0.026033963017935587,0.005291,0.9339189862669011
PGE,,2025-02-01T00:00,2025,1,2,0.3284895477668444,0.35153153974428936,0.7764123706272275,0.017667573056769737,1.482467420222378,0.026033963017935587,0.005291,0.9339189862669011
PGE,,2025-01-01T00:00,2025,1,1,0.335886002156038,0.35153153974428936,0.7764123706272275,0.017667573056769737,1.4898638746115715,0.026033963017935587,0.005291,0.9339189862669011
PGE,,2025-12-01T00:00,2025,4,12,0.33079236037507,0.35153153974428936,0.7764123706272275,0.017667573056769737,1.4847702328306034,0.026033963017935587,0.005291,0.9339189862669011
PGE,,2025-11-01T00:00,2025,4,11,0.31099847232361333,0.35153153974428936,0.7764123706272275,0.017667573056769737,1.4649763457130658,0.026033963017935587,0.005291,0.9339189862669011
PGE,,2028-01-01T00:00,2028,1,1,0.4550338501272368,0.37303750115623635,0.8919537867679492,0.019445688498373893,1.7486792350672233,0.028654096081882033,0.005291,0.9339189862669011
PGE,,2028-02-01T00:00,2028,1,2,0.46449827012069334,0.37303750115623635,0.8919537867679492,0.019445688498373893,1.75814365506068,0.028654096081882033,0.005291,0.9339189862669011
PGE,,2028-03-01T00:00,2028,1,3,0.4149402606996044,0.37303750115623635,0.8919537867679492,0.019445688498373893,1.708585645639591,0.028654096081882033,0.005291,0.9339189862669011
PGE,,2028-11-01T00:00,2028,4,11,0.3887875863054054,0.37303750115623635,0.8919537867679492,0.019445688498373893,1.6824329712453918,0.028654096081882033,0.005291,0.9339189862669011
PGE,,2028-12-01T00:00,2028,4,12,0.4298649781341182,0.37303750115623635,0.8919537867679492,0.019445688498373893,1.7235103630741049,0.028654096081882033,0.005291,0.9339189862669011
SCE,,2027-12-01T00:00,2027,4,12,0.36903546152700345,0.3402336367793061,0.7923213246738652,0.017482085124067733,1.5273510620783688,0.02576063822971174,0.005291,0.8684823959578722
SCE,,2027-03-01T00:00,2027,1,3,0.34449188152465604,0.3402336367793061,0.7923213246738652,0.017482085124067733,1.5028074820760216,0.02576063822971174,0.005291,0.8684823959578722
SCE,,2027-02-01T00:00,2027,1,2,0.3897927431452004,0.3402336367793061,0.7923213246738652,0.017482085124067733,1.548108343696566,0.02576063822971174,0.005291,0.8684823959578722
SCE,,2027-11-01T00:00,2027,4,11,0.33743363911294916,0.3402336367793061,0.7923213246738652,0.017482085124067733,1.4957492396643146,0.02576063822971174,0.005291,0.8684823959578722
SCE,,2027-01-01T00:00,2027,1,1,0.3862179601746559,0.3402336367793061,0.7923213246738652,0.017482085124067733,1.5445335607260213,0.02576063822971174,0.005291,0.8684823959578722
SCE,,2039-02-01T00:00,2039,1,2,0.5507600026576501,0.42023007917676486,1.2472536632571691,0.025046836890885948,2.255151385270299,0.03690764017871489,0.005291,0.8684823959578722
SCE,,2039-11-01T00:00,2039,4,11,0.46053759518237275,0.42023007917676486,1.2472536632571691,0.025046836890885948,2.164928977795022,0.03690764017871489,0.005291,0.8684823959578722
SCE,,2039-01-01T00:00,2039,1,1,0.5395520879588417,0.42023007917676486,1.2472536632571691,0.025046836890885948,2.2439434705714905,0.03690764017871489,0.005291,0.8684823959578722
SCE,,2039-03-01T00:00,2039,1,3,0.49198571879288466,0.42023007917676486,1.2472536632571691,0.025046836890885948,2.1963771014055338,0.03690764017871489,0.005291,0.8684823959578722
SCE,,2039-12-01T00:00,2039,4,12,0.5091482223703351,0.42023007917676486,1.2472536632571691,0.025046836890885948,2.213539604982984,0.03690764017871489,0.005291,0.8684823959578722
SCE,,2042-03-01T00:00,2042,1,3,0.521334650973775,0.44022918955900897,1.361253479907492,0.026948107261845773,2.3625265693201922,0.03970924714295153,0.005291,0.8684823959578722
SCE,,2042-12-01T00:00,2042,4,12,0.5398665576180764,0.44022918955900897,1.361253479907492,0.026948107261845773,2.3810584750960113,0.03970924714295153,0.005291,0.8684823959578722
SCE,,2042-01-01T00:00,2042,1,1,0.5716614888298367,0.44022918955900897,1.361253479907492,0.026948107261845773,2.412853406307772,0.03970924714295153,0.005291,0.8684823959578722
SCE,,2042-02-01T00:00,2042,1,2,0.5835757446036898,0.44022918955900897,1.361253479907492,0.026948107261845773,2.4247676620816248,0.03970924714295153,0.005291,0.8684823959578722
SCE,,2042-11-01T00:00,2042,4,11,0.4882890000254653,0.44022918955900897,1.361253479907492,0.026948107261845773,2.3294809183718828,0.03970924714295153,0.005291,0.8684823959578722
SCE,,2036-11-01T00:00,2036,4,11,0.43278619033928006,0.4002309687945208,1.1332030395182005,0.02314364543686626,2.000323401482351,0.03410320283034982,0.005291,0.8684823959578722
SCE,,2036-02-01T00:00,2036,1,2,0.5179442615800929,0.4002309687945208,1.1332030395182005,0.02314364543686626,2.0854814727231643,0.03410320283034982,0.005291,0.8684823959578722
SCE,,2036-12-01T00:00,2036,4,12,0.47842988712259366,0.4002309687945208,1.1332030395182005,0.02314364543686626,2.0459670982656646,0.03410320283034982,0.005291,0.8684823959578722
SCE,,2036-03-01T00:00,2036,1,3,0.4626367857435122,0.4002309687945208,1.1332030395182005,0.02314364543686626,2.030173996886583,0.03410320283034982,0.005291,0.8684823959578722
SCE,,2036-01-01T00:00,2036,1,1,0.5074426870878467,0.4002309687945208,1.1332030395182005,0.02314364543686626,2.0749798982309176,0.03410320283034982,0.005291,0.8684823959578722
SCE,,2033-11-01T00:00,2033,4,11,0.40510486768312925,0.3802318584122767,1.0193048353082048,0.021246216363543756,1.835948816301016,0.03130725489740524,0.005291,0.8684823959578722
SCE,,2033-01-01T00:00,2033,1,1,0.47538228425666673,0.3802318584122767,1.0193048353082048,0.021246216363543756,1.9062262320060712,0.03130725489740524,0.005291,0.8684823959578722
SCE,,2033-12-01T00:00,2033,4,12,0.447791646795337,0.3802318584122767,1.0193048353082048,0.021246216363543756,1.8786355954132237,0.03130725489740524,0.005291,0.8684823959578722
SCE,,2033-02-01T00:00,2033,1,2,0.4851760134623587,0.3802318584122767,1.0193048353082048,0.021246216363543756,1.9160199612117632,0.03130725489740524,0.005291,0.8684823959578722
SCE,,2033-03-01T00:00,2033,1,3,0.43332802695281186,0.3802318584122767,1.0193048353082048,0.021246216363543756,1.8641719755706987,0.03130725489740524,0.005291,0.8684823959578722
SCE,,2030-11-01T00:00,2030,4,11,0.37976179318394687,0.36023274803003263,0.905152599128909,0.019339184480369143,1.6736442979921542,0.028497158517748113,0.005291,0.8684823959578722
SCE,,2030-03-01T00:00,2030,1,3,0.4069609952076296,0.36023274803003263,0.905152599128909,0.019339184480369143,1.700843500015837,0.028497158517748113,0.005291,0.8684823959578722
SCE,,2030-12-01T00:00,2030,4,12,0.41974495967458353,0.36023274803003263,0.905152599128909,0.019339184480369143,1.713627464482791,0.028497158517748113,0.005291,0.8684823959578722
SCE,,2030-01-01T00:00,2030,1,1,0.4461729163283247,0.36023274803003263,0.905152599128909,0.019339184480369143,1.740055421136532,0.028497158517748113,0.005291,0.8684823959578722
SCE,,2030-02-01T00:00,2030,1,2,0.4555095441424113,0.36023274803003263,0.905152599128909,0.019339184480369143,1.7493920489506187,0.028497158517748113,0.005291,0.8684823959578722
SCE,,2048-03-01T00:00,2048,1,3,0.58003251707252,0.48022741119197954,1.5892531149451024,0.030750648003765424,2.694825504281027,0.045312461939907206,0.005291,0.8684823959578722
SCE,,2048-12-01T00:00,2048,4,12,0.6013032272450769,0.48022741119197954,1.5892531149451024,0.030750648003765424,2.7160962153220662,0.045312461939907206,0.005291,0.8684823959578722
SCE,,2048-02-01T00:00,2048,1,2,0.6492072276272864,0.48022741119197954,1.5892531149451024,0.030750648003765424,2.764000215704276,0.045312461939907206,0.005291,0.8684823959578722
SCE,,2048-01-01T00:00,2048,1,1,0.6358802905718269,0.48022741119197954,1.5892531149451024,0.030750648003765424,2.7506732786488164,0.045312461939907206,0.005291,0.8684823959578722
SCE,,2048-11-01T00:00,2048,4,11,0.543791810580133,0.48022741119197954,1.5892531149451024,0.030750648003765424,2.65858479778864,0.045312461939907206,0.005291,0.8684823959578722
SCE,,2045-11-01T00:00,2045,4,11,0.5160404057370404,0.4602283008097354,1.4752532974262973,0.0288493776328056,2.4940328580802613,0.042510854975670566,0.005291,0.8684823959578722
SCE,,2045-02-01T00:00,2045,1,2,0.6163914856812468,0.4602283008097354,1.4752532974262973,0.0288493776328056,2.59438393889295,0.042510854975670566,0.005291,0.8684823959578722
SCE,,2045-03-01T00:00,2045,1,3,0.5506835840231474,0.4602283008097354,1.4752532974262973,0.0288493776328056,2.5286760363663685,0.042510854975670566,0.005291,0.8684823959578722
SCE,,2045-01-01T00:00,2045,1,1,0.6037708897008318,0.4602283008097354,1.4752532974262973,0.0288493776328056,2.581763342912535,0.042510854975670566,0.005291,0.8684823959578722
SCE,,2045-12-01T00:00,2045,4,12,0.5705848919973355,0.4602283008097354,1.4752532974262973,0.0288493776328056,2.548577345209039,0.042510854975670566,0.005291,0.8684823959578722
PGE,,2030-11-01T00:00,2030,4,11,0.40837528839266896,0.38737480969812,0.9733521390067721,0.020796312797123222,1.7997465388210716,0.03064430265742943,0.005291,0.9339189862669011
PGE,,2030-02-01T00:00,2030,1,2,0.4898303220426064,0.38737480969812,0.9733521390067721,0.020796312797123222,1.8812015724710092,0.03064430265742943,0.005291,0.9339189862669011
PGE,,2030-12-01T00:00,2030,4,12,0.45137102266485496,0.38737480969812,0.9733521390067721,0.020796312797123222,1.8427422730932577,0.03064430265742943,0.005291,0.9339189862669011
PGE,,2030-01-01T00:00,2030,1,1,0.47979021757547324,0.38737480969812,0.9733521390067721,0.020796312797123222,1.8711614680038757,0.03064430265742943,0.005291,0.9339189862669011
PGE,,2030-03-01T00:00,2030,1,3,0.43762383885201367,0.38737480969812,0.9733521390067721,0.020796312797123222,1.8289950892804163,0.03064430265742943,0.005291,0.9339189862669011
SDGE,,2037-02-01T00:00,2037,1,2,0.5666023768864962,0.43591695783283463,1.2548956026781855,0.025479361483140336,2.294959922900421,0.037544985502904936,0.005291,0.9304219216089784
SDGE,,2037-01-01T00:00,2037,1,1,0.555099599512724,0.43591695783283463,1.2548956026781855,0.025479361483140336,2.2834571455266492,0.037544985502904936,0.005291,0.9304219216089784
SDGE,,2037-12-01T00:00,2037,4,12,0.523520870148383,0.43591695783283463,1.2548956026781855,0.025479361483140336,2.251878415231886,0.037544985502904936,0.005291,0.9304219216089784
SDGE,,2037-03-01T00:00,2037,1,3,0.5061123931468148,0.43591695783283463,1.2548956026781855,0.025479361483140336,2.2344699391607397,0.037544985502904936,0.005291,0.9304219216089784
SDGE,,2037-11-01T00:00,2037,4,11,0.47356238796470873,0.43591695783283463,1.2548956026781855,0.025479361483140336,2.2019199339786337,0.037544985502904936,0.005291,0.9304219216089784
PGE,,2033-11-01T00:00,2033,4,11,0.43562785972321216,0.408880771110067,1.0961052784933658,0.022847031719466795,1.9742800376127991,0.03366612828615406,0.005291,0.9339189862669011
PGE,,2033-12-01T00:00,2033,4,12,0.4815309127511356,0.408880771110067,1.0961052784933658,0.022847031719466795,2.0201830906407223,0.03366612828615406,0.005291,0.9339189862669011
PGE,,2033-01-01T00:00,2033,1,1,0.5112003917046186,0.408880771110067,1.0961052784933658,0.022847031719466795,2.049852568660287,0.03366612828615406,0.005291,0.9339189862669011
PGE,,2033-03-01T00:00,2033,1,3,0.4659775184118263,0.408880771110067,1.0961052784933658,0.022847031719466795,2.0046296963014134,0.03366612828615406,0.005291,0.9339189862669011
PGE,,2033-02-01T00:00,2033,1,2,0.5217320382804418,0.408880771110067,1.0961052784933658,0.022847031719466795,2.06038421523611,0.03366612828615406,0.005291,0.9339189862669011
SCE,,2020-02-01T00:00,2020,1,2,0.20232737357651132,0.29371323741415695,0.5306408132938938,0.013134129621144975,1.0460351549765812,0.019353730692019042,0.005291,0.8684823959578722
SCE,,2020-03-01T00:00,2020,1,3,0.18593175037648052,0.29371323741415695,0.5306408132938938,0.013134129621144975,1.02963953177655,0.019353730692019042,0.005291,0.8684823959578722
SCE,,2020-11-01T00:00,2020,4,11,0.2740669011072214,0.29371323741415695,0.5306408132938938,0.013134129621144975,1.117774682507291,0.019353730692019042,0.005291,0.8684823959578722
SCE,,2020-01-01T00:00,2020,1,1,0.23474780839038276,0.29371323741415695,0.5306408132938938,0.013134129621144975,1.0784555897904524,0.019353730692019042,0.005291,0.8684823959578722
SCE,,2020-12-01T00:00,2020,4,12,0.2872950977936373,0.29371323741415695,0.5306408132938938,0.013134129621144975,1.131002879193707,0.019353730692019042,0.005291,0.8684823959578722
PGE,,2036-11-01T00:00,2036,4,11,0.4653948566294032,0.430386732522014,1.2185852457425574,0.024887424299579217,2.151039574334648,0.03667273944067343,0.005291,0.9339189862669011
PGE,,2036-03-01T00:00,2036,1,3,0.4974945720975981,0.430386732522014,1.2185852457425574,0.024887424299579217,2.1831392898028428,0.03667273944067343,0.005291,0.9339189862669011
PGE,,2036-12-01T00:00,2036,4,12,0.5144776189602747,0.430386732522014,1.2185852457425574,0.024887424299579217,2.2001223366655194,0.03667273944067343,0.005291,0.9339189862669011
PGE,,2036-02-01T00:00,2036,1,2,0.5569692396402965,0.430386732522014,1.2185852457425574,0.024887424299579217,2.2426139573455415,0.03667273944067343,0.005291,0.9339189862669011
PGE,,2036-01-01T00:00,2036,1,1,0.5456764145356634,0.430386732522014,1.2185852457425574,0.024887424299579217,2.231321132240908,0.03667273944067343,0.005291,0.9339189862669011
PGE,,2039-01-01T00:00,2039,1,1,0.5802051272080753,0.4518926939339609,1.341229116707758,0.02693401343216552,2.4130154175030776,0.03968847965328355,0.005291,0.9339189862669011
PGE,,2039-02-01T00:00,2039,1,2,0.5922575123599153,0.4518926939339609,1.341229116707758,0.02693401343216552,2.4250678026549175,0.03968847965328355,0.005291,0.9339189862669011
PGE,,2039-03-01T00:00,2039,1,3,0.5290548270078366,0.4518926939339609,1.341229116707758,0.02693401343216552,2.361865117302839,0.03968847965328355,0.005291,0.9339189862669011
PGE,,2039-11-01T00:00,2039,4,11,0.4952372161281911,0.4518926939339609,1.341229116707758,0.02693401343216552,2.328047506423194,0.03968847965328355,0.005291,0.9339189862669011
PGE,,2039-12-01T00:00,2039,4,12,0.5475104549140032,0.4518926939339609,1.341229116707758,0.02693401343216552,2.3803207452090054,0.03968847965328355,0.005291,0.9339189862669011
PGE,,2042-01-01T00:00,2042,1,1,0.6147338398804871,0.47339865534590786,1.463818352478343,0.028978536735954196,2.5946520248625746,0.04270117622391742,0.005291,0.9339189862669011
PGE,,2042-11-01T00:00,2042,4,11,0.5250795756269788,0.47339865534590786,1.463818352478343,0.028978536735954196,2.504997761542985,0.04270117622391742,0.005291,0.9339189862669011
PGE,,2042-02-01T00:00,2042,1,2,0.627545786013453,0.47339865534590786,1.463818352478343,0.028978536735954196,2.60746397099554,0.04270117622391742,0.005291,0.9339189862669011
PGE,,2042-03-01T00:00,2042,1,3,0.5606150809841561,0.47339865534590786,1.463818352478343,0.028978536735954196,2.5405332669001623,0.04270117622391742,0.005291,0.9339189862669011
PGE,,2042-12-01T00:00,2042,4,12,0.5805432908677316,0.47339865534590786,1.463818352478343,0.028978536735954196,2.5604614758498188,0.04270117622391742,0.005291,0.9339189862669011
PGE,,2023-11-01T00:00,2023,4,11,0.2877563256307886,0.33711500872263866,0.701219589717936,0.016595746923395736,1.3505455040044583,0.02445457899917612,0.005291,0.9339189862669011
PGE,,2023-03-01T00:00,2023,1,3,0.23414905922053214,0.33711500872263866,0.701219589717936,0.016595746923395736,1.2969382375942018,0.02445457899917612,0.005291,0.9339189862669011
PGE,,2023-12-01T00:00,2023,4,12,0.3004883180254211,0.33711500872263866,0.701219589717936,0.016595746923395736,1.3632774963990908,0.02445457899917612,0.005291,0.9339189862669011
PGE,,2023-01-01T00:00,2023,1,1,0.29319687068528644,0.33711500872263866,0.701219589717936,0.016595746923395736,1.3559860490589561,0.02445457899917612,0.005291,0.9339189862669011
PGE,,2023-02-01T00:00,2023,1,2,0.27987906733340917,0.33711500872263866,0.701219589717936,0.016595746923395736,1.3426682457070789,0.02445457899917612,0.005291,0.9339189862669011
SDGE,,2047-03-01T00:00,2047,1,3,0.6109193164605604,0.5073350661765327,1.6618874112147024,0.03226480574174096,2.827685435719577,0.04754364186778217,0.005291,0.9304219216089784
SDGE,,2047-11-01T00:00,2047,4,11,0.5726644376399063,0.5073350661765327,1.6618874112147024,0.03226480574174096,2.7894305559685013,0.04754364186778217,0.005291,0.9304219216089784
SDGE,,2047-01-01T00:00,2047,1,1,0.6697643319208537,0.5073350661765327,1.6618874112147024,0.03226480574174096,2.886530450249449,0.04754364186778217,0.005291,0.9304219216089784
SDGE,,2047-12-01T00:00,2047,4,12,0.6332180166483516,0.5073350661765327,1.6618874112147024,0.03226480574174096,2.849984134976947,0.04754364186778217,0.005291,0.9304219216089784
SDGE,,2047-02-01T00:00,2047,1,2,0.6837894970804367,0.5073350661765327,1.6618874112147024,0.03226480574174096,2.900555616339454,0.04754364186778217,0.005291,0.9304219216089784
SDGE,,2025-03-01T00:00,2025,1,3,0.28040933802095275,0.35021522800648136,0.7735050903371591,0.017601416734608365,1.430066135068242,0.02593647870364875,0.005291,0.9304219216089784
SDGE,,2025-02-01T00:00,2025,1,2,0.3272595168916994,0.35021522800648136,0.7735050903371591,0.017601416734608365,1.4769163130085667,0.02593647870364875,0.005291,0.9304219216089784
SDGE,,2025-12-01T00:00,2025,4,12,0.32955370660575056,0.35021522800648136,0.7735050903371591,0.017601416734608365,1.479210502722618,0.02593647870364875,0.005291,0.9304219216089784
SDGE,,2025-01-01T00:00,2025,1,1,0.334628275217724,0.35021522800648136,0.7735050903371591,0.017601416734608365,1.4842850713345912,0.02593647870364875,0.005291,0.9304219216089784
SDGE,,2025-11-01T00:00,2025,4,11,0.3098339368743683,0.35021522800648136,0.7735050903371591,0.017601416734608365,1.4594907339216576,0.02593647870364875,0.005291,0.9304219216089784
SDGE,,2041-03-01T00:00,2041,1,3,0.5480351626583974,0.46448420079814506,1.417681440528478,0.02819312775400685,2.4717446452126994,0.041543841227678555,0.005291,0.9304219216089784
SDGE,,2041-02-01T00:00,2041,1,2,0.6134772249640724,0.46448420079814506,1.417681440528478,0.02819312775400685,2.5371867084487962,0.041543841227678555,0.005291,0.9304219216089784
SDGE,,2041-12-01T00:00,2041,4,12,0.5673997280040329,0.46448420079814506,1.417681440528478,0.02819312775400685,2.4911092114887565,0.041543841227678555,0.005291,0.9304219216089784
SDGE,,2041-11-01T00:00,2041,4,11,0.5132032074626189,0.46448420079814506,1.417681440528478,0.02819312775400685,2.436912690947343,0.041543841227678555,0.005291,0.9304219216089784
SDGE,,2041-01-01T00:00,2041,1,1,0.6009654924759759,0.46448420079814506,1.417681440528478,0.02819312775400685,2.5246749750302775,0.041543841227678555,0.005291,0.9304219216089784
SDGE,,2032-01-01T00:00,2032,1,1,0.49851008496213756,0.40020790412619656,1.0510731207806532,0.022074295446206035,1.9823185755800423,0.03252746664147694,0.005291,0.9304219216089784
SDGE,,2032-03-01T00:00,2032,1,3,0.45439964136851146,0.40020790412619656,1.0510731207806532,0.022074295446206035,1.9382081329168381,0.03252746664147694,0.005291,0.9304219216089784
SDGE,,2032-11-01T00:00,2032,4,11,0.424601761892256,0.40020790412619656,1.0510731207806532,0.022074295446206035,1.9084102525101607,0.03252746664147694,0.005291,0.9304219216089784
SDGE,,2032-12-01T00:00,2032,4,12,0.4693212708408304,0.40020790412619656,1.0510731207806532,0.022074295446206035,1.9531297623891573,0.03252746664147694,0.005291,0.9304219216089784
SDGE,,2032-02-01T00:00,2032,1,2,0.5087745731046597,0.40020790412619656,1.0510731207806532,0.022074295446206035,1.9925830637225643,0.03252746664147694,0.005291,0.9304219216089784
SDGE,,2022-02-01T00:00,2022,1,2,0.27607192222818794,0.32863465350960175,0.6612957023024348,0.016021300724000192,1.289610385189266,0.023608107149041494,0.005291,0.9304219216089784
SDGE,,2022-03-01T00:00,2022,1,3,0.2325245197387358,0.32863465350960175,0.6612957023024348,0.016021300724000192,1.2460629826998137,0.023608107149041494,0.005291,0.9304219216089784
SDGE,,2022-11-01T00:00,2022,4,11,0.28417110549250585,0.32863465350960175,0.6612957023024348,0.016021300724000192,1.2977095684535838,0.023608107149041494,0.005291,0.9304219216089784
SDGE,,2022-01-01T00:00,2022,1,1,0.29964964086684776,0.32863465350960175,0.6612957023024348,0.016021300724000192,1.3131881038279258,0.023608107149041494,0.005291,0.9304219216089784
SDGE,,2022-12-01T00:00,2022,4,12,0.2967404320279719,0.32863465350960175,0.6612957023024348,0.016021300724000192,1.3102788949890498,0.023608107149041494,0.005291,0.9304219216089784
SDGE,,2046-02-01T00:00,2046,1,2,0.6720707855262537,0.5001932554352051,1.6211773443315256,0.03158584988330716,2.8399845547031015,0.04654316941011717,0.005291,0.9304219216089784
SDGE,,2046-03-01T00:00,2046,1,3,0.6004386243152702,0.5001932554352051,1.6211773443315256,0.03158584988330716,2.7683523934921177,0.04654316941011717,0.005291,0.9304219216089784
SDGE,,2046-01-01T00:00,2046,1,1,0.6582978586800406,0.5001932554352051,1.6211773443315256,0.03158584988330716,2.8262116278568885,0.04654316941011717,0.005291,0.9304219216089784
SDGE,,2046-11-01T00:00,2046,4,11,0.5627542327654287,0.5001932554352051,1.6211773443315256,0.03158584988330716,2.7306680010118543,0.04654316941011717,0.005291,0.9304219216089784
SDGE,,2046-12-01T00:00,2046,4,12,0.622248302184439,0.5001932554352051,1.6211773443315256,0.03158584988330716,2.7901620704308647,0.04654316941011717,0.005291,0.9304219216089784
SDGE,,2029-03-01T00:00,2029,1,3,0.4245278147491923,0.3787824709717918,0.9288884904487089,0.02003536977761404,1.7617217959843983,0.029523018884283266,0.005291,0.9304219216089784
SDGE,,2029-02-01T00:00,2029,1,2,0.4751825307263845,0.3787824709717918,0.9288884904487089,0.02003536977761404,1.8123765119615904,0.029523018884283266,0.005291,0.9304219216089784
SDGE,,2029-11-01T00:00,2029,4,11,0.39774911533083734,0.3787824709717918,0.9288884904487089,0.02003536977761404,1.7349430956356213,0.029523018884283266,0.005291,0.9304219216089784
SDGE,,2029-01-01T00:00,2029,1,1,0.4654529849460039,0.3787824709717918,0.9288884904487089,0.02003536977761404,1.8026469661812097,0.029523018884283266,0.005291,0.9304219216089784
SDGE,,2029-12-01T00:00,2029,4,12,0.4397833093804861,0.3787824709717918,0.9288884904487089,0.02003536977761404,1.776977290615692,0.029523018884283266,0.005291,0.9304219216089784
SCE,,2024-12-01T00:00,2024,4,12,0.2769045327212423,0.32037997635480747,0.6894747317804302,0.015924580060523143,1.310224824901186,0.02346558404470628,0.005291,0.8684823959578722
SCE,,2024-03-01T00:00,2024,1,3,0.22036718680499204,0.32037997635480747,0.6894747317804302,0.015924580060523143,1.253687478984936,0.02346558404470628,0.005291,0.8684823959578722
SCE,,2024-02-01T00:00,2024,1,2,0.26331369773646457,0.32037997635480747,0.6894747317804302,0.015924580060523143,1.2966339899164085,0.02346558404470628,0.005291,0.8684823959578722
SCE,,2024-01-01T00:00,2024,1,1,0.27541840475189194,0.32037997635480747,0.6894747317804302,0.015924580060523143,1.308738696931836,0.02346558404470628,0.005291,0.8684823959578722
SCE,,2024-11-01T00:00,2024,4,11,0.2650949490511974,0.32037997635480747,0.6894747317804302,0.015924580060523143,1.2984152412311412,0.02346558404470628,0.005291,0.8684823959578722
SDGE,,2021-01-01T00:00,2021,1,1,0.3008071313280034,0.32157175464271154,0.6135285005161724,0.015031671403409625,1.2580572303322841,0.02214984384539684,0.005291,0.9304219216089784
SDGE,,2021-11-01T00:00,2021,4,11,0.293586947426531,0.32157175464271154,0.6135285005161724,0.015031671403409625,1.2508370464308118,0.02214984384539684,0.005291,0.9304219216089784
SDGE,,2021-02-01T00:00,2021,1,2,0.26732458844483875,0.32157175464271154,0.6135285005161724,0.015031671403409625,1.2245746874491195,0.02214984384539684,0.005291,0.9304219216089784
SDGE,,2021-03-01T00:00,2021,1,3,0.23540276134479476,0.32157175464271154,0.6135285005161724,0.015031671403409625,1.1926528603490754,0.02214984384539684,0.005291,0.9304219216089784
SDGE,,2021-12-01T00:00,2021,4,12,0.30546178005747243,0.32157175464271154,0.6135285005161724,0.015031671403409625,1.262711879061753,0.02214984384539684,0.005291,0.9304219216089784
SDGE,,2036-02-01T00:00,2036,1,2,0.5548836653323131,0.42877514709150705,1.2140222467477664,0.024794233205678584,2.234216477342543,0.036535418170956215,0.005291,0.9304219216089784
SDGE,,2036-12-01T00:00,2036,4,12,0.5125511547540486,0.42877514709150705,1.2140222467477664,0.024794233205678584,2.1918839667642778,0.036535418170956215,0.005291,0.9304219216089784
SDGE,,2036-01-01T00:00,2036,1,1,0.5436331262719111,0.42877514709150705,1.2140222467477664,0.024794233205678584,2.2229659382821403,0.036535418170956215,0.005291,0.9304219216089784
SDGE,,2036-11-01T00:00,2036,4,11,0.4636521830902312,0.42877514709150705,1.2140222467477664,0.024794233205678584,2.142984995100461,0.036535418170956215,0.005291,0.9304219216089784
SDGE,,2036-03-01T00:00,2036,1,3,0.4956317010015246,0.42877514709150705,1.2140222467477664,0.024794233205678584,2.174964513011754,0.036535418170956215,0.005291,0.9304219216089784
PGE,,2048-03-01T00:00,2048,1,3,0.6237355908046333,0.5164105791037208,1.7089968258873507,0.03306758334353155,2.89786956516089,0.04872657029910416,0.005291,0.9339189862669011
PGE,,2048-02-01T00:00,2048,1,2,0.6981223323866095,0.5164105791037208,1.7089968258873507,0.03306758334353155,2.972256307676785,0.04872657029910416,0.005291,0.9339189862669011
PGE,,2048-01-01T00:00,2048,1,1,0.6837912652253111,0.5164105791037208,1.7089968258873507,0.03306758334353155,2.957925240515487,0.04872657029910416,0.005291,0.9339189862669011
PGE,,2048-12-01T00:00,2048,4,12,0.6466089618412697,0.5164105791037208,1.7089968258873507,0.03306758334353155,2.920742937131445,0.04872657029910416,0.005291,0.9339189862669011
PGE,,2048-11-01T00:00,2048,4,11,0.5847642955584735,0.5164105791037208,1.7089968258873507,0.03306758334353155,2.85889826991473,0.04872657029910416,0.005291,0.9339189862669011
PGE,,2027-11-01T00:00,2027,4,11,0.36285788133350166,0.36586884735225406,0.8520194902982904,0.01879928861297608,1.6084478166953486,0.02770159677738335,0.005291,0.9339189862669011
PGE,,2027-03-01T00:00,2027,1,3,0.37044793339287246,0.36586884735225406,0.8520194902982904,0.01879928861297608,1.6160378687547192,0.02770159677738335,0.005291,0.9339189862669011
PGE,,2027-02-01T00:00,2027,1,2,0.41916202933607705,0.36586884735225406,0.8520194902982904,0.01879928861297608,1.6647519646979239,0.02770159677738335,0.005291,0.9339189862669011
PGE,,2027-01-01T00:00,2027,1,1,0.4153179011148102,0.36586884735225406,0.8520194902982904,0.01879928861297608,1.660907836476657,0.02770159677738335,0.005291,0.9339189862669011
PGE,,2027-12-01T00:00,2027,4,12,0.39684077159182285,0.36586884735225406,0.8520194902982904,0.01879928861297608,1.6424307069536697,0.02770159677738335,0.005291,0.9339189862669011
SCE,,2026-01-01T00:00,2026,1,1,0.3492847744547463,0.3335672666518914,0.7569633089494339,0.016948193387494197,1.4647892752443699,0.0249739243198157,0.005291,0.8684823959578722
SCE,,2026-02-01T00:00,2026,1,2,0.34763306163178265,0.3335672666518914,0.7569633089494339,0.016948193387494197,1.463137562421406,0.0249739243198157,0.005291,0.8684823959578722
SCE,,2026-11-01T00:00,2026,4,11,0.3133207430046869,0.3335672666518914,0.7569633089494339,0.016948193387494197,1.4288252437943103,0.0249739243198157,0.005291,0.8684823959578722
SCE,,2026-03-01T00:00,2026,1,3,0.303116983284768,0.3335672666518914,0.7569633089494339,0.016948193387494197,1.4186214840743914,0.0249739243198157,0.005291,0.8684823959578722
SCE,,2026-12-01T00:00,2026,4,12,0.33832515192508306,0.3335672666518914,0.7569633089494339,0.016948193387494197,1.4538296527147065,0.0249739243198157,0.005291,0.8684823959578722
SCE,,2029-03-01T00:00,2029,1,3,0.3962663874756457,0.3535663770341355,0.8670510475156469,0.01870158639241188,1.644441441944817,0.027557629050906505,0.005291,0.8684823959578722
SCE,,2029-11-01T00:00,2029,4,11,0.37127038459635997,0.3535663770341355,0.8670510475156469,0.01870158639241188,1.619445438197049,0.027557629050906505,0.005291,0.8684823959578722
SCE,,2029-12-01T00:00,2029,4,12,0.4105063018856553,0.3535663770341355,0.8670510475156469,0.01870158639241188,1.6586813563548266,0.027557629050906505,0.005291,0.8684823959578722
SCE,,2029-02-01T00:00,2029,1,2,0.44354894614790996,0.3535663770341355,0.8670510475156469,0.01870158639241188,1.6917240006170813,0.027557629050906505,0.005291,0.8684823959578722
SCE,,2029-01-01T00:00,2029,1,1,0.4344671102252199,0.3535663770341355,0.8670510475156469,0.01870158639241188,1.6826421646943912,0.027557629050906505,0.005291,0.8684823959578722
SCE,,2044-11-01T00:00,2044,4,11,0.5067899374560095,0.45356192981383836,1.4372533582533622,0.028215620842485654,2.439182211800296,0.04157698540860342,0.005291,0.8684823959578722
SCE,,2044-02-01T00:00,2044,1,2,0.6054529056115553,0.45356192981383836,1.4372533582533622,0.028215620842485654,2.5378451799558417,0.04157698540860342,0.005291,0.8684823959578722
SCE,,2044-12-01T00:00,2044,4,12,0.5603454472042492,0.45356192981383836,1.4372533582533622,0.028215620842485654,2.4927377215485356,0.04157698540860342,0.005291,0.8684823959578722
SCE,,2044-03-01T00:00,2044,1,3,0.5409006066295174,0.45356192981383836,1.4372533582533622,0.028215620842485654,2.4732928809738035,0.04157698540860342,0.005291,0.8684823959578722
SCE,,2044-01-01T00:00,2044,1,1,0.5930677560771668,0.45356192981383836,1.4372533582533622,0.028215620842485654,2.525460030421453,0.04157698540860342,0.005291,0.8684823959578722
SCE,,2041-01-01T00:00,2041,1,1,0.5609583552061718,0.4335628194315943,1.323304347823203,0.02631627068610329,2.3566037304209817,0.038778207960012814,0.005291,0.8684823959578722
SCE,,2041-11-01T00:00,2041,4,11,0.47903853174443445,0.4335628194315943,1.323304347823203,0.02631627068610329,2.274683907827727,0.038778207960012814,0.005291,0.8684823959578722
SCE,,2041-03-01T00:00,2041,1,3,0.5115516735801448,0.4335628194315943,1.323304347823203,0.02631627068610329,2.307197048794955,0.038778207960012814,0.005291,0.8684823959578722
SCE,,2041-02-01T00:00,2041,1,2,0.5726371636655158,0.4335628194315943,1.323304347823203,0.02631627068610329,2.368282539748808,0.038778207960012814,0.005291,0.8684823959578722
SCE,,2041-12-01T00:00,2041,4,12,0.5296271119565078,0.4335628194315943,1.323304347823203,0.02631627068610329,2.3252724880398,0.038778207960012814,0.005291,0.8684823959578722
SCE,,2032-11-01T00:00,2032,4,11,0.3963354118510292,0.37356548828486197,0.9811016712546156,0.020604777846431565,1.781364636921296,0.030362066399271574,0.005291,0.8684823959578722
SCE,,2032-03-01T00:00,2032,1,3,0.42414960362893767,0.37356548828486197,0.9811016712546156,0.020604777846431565,1.8091788295676867,0.030362066399271574,0.005291,0.8684823959578722
SCE,,2032-12-01T00:00,2032,4,12,0.43807787876384086,0.37356548828486197,0.9811016712546156,0.020604777846431565,1.8231071047025902,0.030362066399271574,0.005291,0.8684823959578722
SCE,,2032-02-01T00:00,2032,1,2,0.47490471794588307,0.37356548828486197,0.9811016712546156,0.020604777846431565,1.85993394301615,0.030362066399271574,0.005291,0.8684823959578722
SCE,,2032-01-01T00:00,2032,1,1,0.4653235515435665,0.37356548828486197,0.9811016712546156,0.020604777846431565,1.8503527766138332,0.030362066399271574,0.005291,0.8684823959578722
SCE,,2038-03-01T00:00,2038,1,3,0.4822027413992547,0.4135637090493502,1.2093045303043977,0.024415000315143466,2.1410475808802967,0.035976600995776174,0.005291,0.8684823959578722
SCE,,2038-01-01T00:00,2038,1,1,0.5288489543351766,0.4135637090493502,1.2093045303043977,0.024415000315143466,2.1876937946847006,0.035976600995776174,0.005291,0.8684823959578722
SCE,,2038-11-01T00:00,2038,4,11,0.4512871269013418,0.4135637090493502,1.2093045303043977,0.024415000315143466,2.1101319672508656,0.035976600995776174,0.005291,0.8684823959578722
SCE,,2038-12-01T00:00,2038,4,12,0.4989087775772487,0.4135637090493502,1.2093045303043977,0.024415000315143466,2.157753617926773,0.035976600995776174,0.005291,0.8684823959578722
SCE,,2038-02-01T00:00,2038,1,2,0.5398214225879585,0.4135637090493502,1.2093045303043977,0.024415000315143466,2.1986662629374827,0.035976600995776174,0.005291,0.8684823959578722
SCE,,2035-03-01T00:00,2035,1,3,0.45289398174007195,0.3935645986671061,1.0953047127855926,0.022513729944183637,1.9749382872243102,0.03317499316305714,0.005291,0.8684823959578722
SCE,,2035-12-01T00:00,2035,4,12,0.4682705372499921,0.3935645986671061,1.0953047127855926,0.022513729944183637,1.9903148418657477,0.03317499316305714,0.005291,0.8684823959578722
SCE,,2035-02-01T00:00,2035,1,2,0.5070531744702244,0.3935645986671061,1.0953047127855926,0.022513729944183637,2.0290974790859804,0.03317499316305714,0.005291,0.8684823959578722
SCE,,2035-11-01T00:00,2035,4,11,0.423605804245191,0.3935645986671061,1.0953047127855926,0.022513729944183637,1.945650109729429,0.03317499316305714,0.005291,0.8684823959578722
SCE,,2035-01-01T00:00,2035,1,1,0.4967885515039968,0.3935645986671061,1.0953047127855926,0.022513729944183637,2.0188328561197526,0.03317499316305714,0.005291,0.8684823959578722
SCE,,2050-03-01T00:00,2050,1,3,0.59959847185978,0.4935601514468089,1.6652529924224901,0.03201816158440531,2.805591816803121,0.0471802002055591,0.005291,0.8684823959578722
SCE,,2050-12-01T00:00,2050,4,12,0.6217821168312495,0.4935601514468089,1.6652529924224901,0.03201816158440531,2.82777546177459,0.0471802002055591,0.005291,0.8684823959578722
SCE,,2050-11-01T00:00,2050,4,11,0.5622927471421948,0.4935601514468089,1.6652529924224901,0.03201816158440531,2.7682860912170533,0.0471802002055591,0.005291,0.8684823959578722
SCE,,2050-01-01T00:00,2050,1,1,0.6572865578191569,0.4935601514468089,1.6652529924224901,0.03201816158440531,2.8632799027624976,0.0471802002055591,0.005291,0.8684823959578722
SCE,,2050-02-01T00:00,2050,1,2,0.6710843886351521,0.4935601514468089,1.6652529924224901,0.03201816158440531,2.8770777327100103,0.0471802002055591,0.005291,0.8684823959578722
SCE,,2047-12-01T00:00,2047,4,12,0.5910637824519906,0.47356104106456487,1.5512531757721675,0.03011689121344548,2.660256591661563,0.04437859324132246,0.005291,0.8684823959578722
SCE,,2047-01-01T00:00,2047,1,1,0.6251771569481619,0.47356104106456487,1.5512531757721675,0.03011689121344548,2.6943699661577343,0.04437859324132246,0.005291,0.8684823959578722
SCE,,2047-02-01T00:00,2047,1,2,0.6382686466891124,0.47356104106456487,1.5512531757721675,0.03011689121344548,2.707461456767167,0.04437859324132246,0.005291,0.8684823959578722
SCE,,2047-11-01T00:00,2047,4,11,0.5345413422991021,0.47356104106456487,1.5512531757721675,0.03011689121344548,2.6037341515086743,0.04437859324132246,0.005291,0.8684823959578722
SCE,,2047-03-01T00:00,2047,1,3,0.5702495388104075,0.47356104106456487,1.5512531757721675,0.03011689121344548,2.639442348888462,0.04437859324132246,0.005291,0.8684823959578722
SDGE,,2040-01-01T00:00,2040,1,1,0.5894990192351629,0.4573423900568174,1.3769169439628872,0.027512114732704374,2.4642986907102604,0.04054033745539296,0.005291,0.9304219216089784
SDGE,,2040-03-01T00:00,2040,1,3,0.5375544705131072,0.4573423900568174,1.3769169439628872,0.027512114732704374,2.412354141988205,0.04054033745539296,0.005291,0.9304219216089784
SDGE,,2040-02-01T00:00,2040,1,2,0.6017585134098893,0.4573423900568174,1.3769169439628872,0.027512114732704374,2.476558184884987,0.04054033745539296,0.005291,0.9304219216089784
SDGE,,2040-11-01T00:00,2040,4,11,0.5032930025881415,0.4573423900568174,1.3769169439628872,0.027512114732704374,2.3780926749936606,0.04054033745539296,0.005291,0.9304219216089784
SDGE,,2040-12-01T00:00,2040,4,12,0.5564300135401203,0.4573423900568174,1.3769169439628872,0.027512114732704374,2.43122968594564,0.04054033745539296,0.005291,0.9304219216089784
PGE,,2032-03-01T00:00,2032,1,3,0.45610753849506946,0.40171211730608464,1.055023662549078,0.022157263438103706,1.9454930420574144,0.032649723707182096,0.005291,0.9339189862669011
PGE,,2032-12-01T00:00,2032,4,12,0.471085252096378,0.40171211730608464,1.055023662549078,0.022157263438103706,1.960470755658723,0.032649723707182096,0.005291,0.9339189862669011
PGE,,2032-01-01T00:00,2032,1,1,0.5003837746928399,0.40171211730608464,1.055023662549078,0.022157263438103706,1.9897692773212659,0.032649723707182096,0.005291,0.9339189862669011
PGE,,2032-02-01T00:00,2032,1,2,0.5106868427289363,0.40171211730608464,1.055023662549078,0.022157263438103706,2.000072345357362,0.032649723707182096,0.005291,0.9339189862669011
PGE,,2032-11-01T00:00,2032,4,11,0.4261976613231694,0.40171211730608464,1.055023662549078,0.022157263438103706,1.9155831639515952,0.032649723707182096,0.005291,0.9339189862669011
SDGE,,2024-11-01T00:00,2024,4,11,0.2840013258219383,0.34322924060689713,0.7386475624948653,0.01706030939681439,1.3910172611619225,0.025139132238221736,0.005291,0.9304219216089784
SDGE,,2024-02-01T00:00,2024,1,2,0.2820930369736718,0.34322924060689713,0.7386475624948653,0.01706030939681439,1.389108972313656,0.025139132238221736,0.005291,0.9304219216089784
SDGE,,2024-01-01T00:00,2024,1,1,0.29506104278959383,0.34322924060689713,0.7386475624948653,0.01706030939681439,1.402076978129578,0.025139132238221736,0.005291,0.9304219216089784
SDGE,,2024-12-01T00:00,2024,4,12,0.2966531603125688,0.34322924060689713,0.7386475624948653,0.01706030939681439,1.4036690956525528,0.025139132238221736,0.005291,0.9304219216089784
SDGE,,2024-03-01T00:00,2024,1,3,0.23608361247268284,0.34322924060689713,0.7386475624948653,0.01706030939681439,1.343099547812667,0.025139132238221736,0.005291,0.9304219216089784
SDGE,,2031-01-01T00:00,2031,1,1,0.4880532981472793,0.3930660933848689,1.011016210086446,0.02142002833346213,1.923698977160385,0.0315633755417907,0.005291,0.9304219216089784
SDGE,,2031-02-01T00:00,2031,1,2,0.4980920575578217,0.3930660933848689,1.011016210086446,0.02142002833346213,1.9337377356405052,0.0315633755417907,0.005291,0.9304219216089784
SDGE,,2031-11-01T00:00,2031,4,11,0.4156514174889872,0.3930660933848689,1.011016210086446,0.02142002833346213,1.8512970965020927,0.0315633755417907,0.005291,0.9304219216089784
SDGE,,2031-12-01T00:00,2031,4,12,0.4594229986274975,0.3930660933848689,1.011016210086446,0.02142002833346213,1.895068677640603,0.0315633755417907,0.005291,0.9304219216089784
SDGE,,2031-03-01T00:00,2031,1,3,0.44484950884727464,0.3930660933848689,1.011016210086446,0.02142002833346213,1.8804951869299584,0.0315633755417907,0.005291,0.9304219216089784
PGE,,2035-03-01T00:00,2035,1,3,0.48701768772937265,0.42321807871803163,1.1778314353624495,0.024210047255325915,2.1237417957216556,0.035674592977882974,0.005291,0.9339189862669011
PGE,,2035-02-01T00:00,2035,1,2,0.5452575537381606,0.42321807871803163,1.1778314353624495,0.024210047255325915,2.1819816607965246,0.035674592977882974,0.005291,0.9339189862669011
PGE,,2035-12-01T00:00,2035,4,12,0.5035528036982609,0.42321807871803163,1.1778314353624495,0.024210047255325915,2.140276910756625,0.035674592977882974,0.005291,0.9339189862669011
PGE,,2035-11-01T00:00,2035,4,11,0.4555227660557374,0.42321807871803163,1.1778314353624495,0.024210047255325915,2.0922468740480205,0.035674592977882974,0.005291,0.9339189862669011
PGE,,2035-01-01T00:00,2035,1,1,0.5342195334862266,0.42321807871803163,1.1778314353624495,0.024210047255325915,2.1709436405445905,0.035674592977882974,0.005291,0.9339189862669011
PGE,,2021-03-01T00:00,2021,1,3,0.2362875413117722,0.3227804076118962,0.6158344960929674,0.015088169133733377,1.1971355408085862,0.022233095791950607,0.005291,0.9339189862669011
PGE,,2021-12-01T00:00,2021,4,12,0.3066098824082187,0.3227804076118962,0.6158344960929674,0.015088169133733377,1.2674578819050326,0.022233095791950607,0.005291,0.9339189862669011
PGE,,2021-01-01T00:00,2021,1,1,0.3019377388119706,0.3227804076118962,0.6158344960929674,0.015088169133733377,1.2627857383087848,0.022233095791950607,0.005291,0.9339189862669011
PGE,,2021-11-01T00:00,2021,4,11,0.2946904172760991,0.3227804076118962,0.6158344960929674,0.015088169133733377,1.2555384167729133,0.022233095791950607,0.005291,0.9339189862669011
PGE,,2021-02-01T00:00,2021,1,2,0.2683293491332236,0.3227804076118962,0.6158344960929674,0.015088169133733377,1.2291773486300377,0.022233095791950607,0.005291,0.9339189862669011
PGE,,2038-03-01T00:00,2038,1,3,0.5185347423490634,0.4447240401299786,1.3004206720669533,0.026254570559114596,2.3023667440945124,0.03868729048243584,0.005291,0.9339189862669011
PGE,,2038-02-01T00:00,2038,1,2,0.5804947550980153,0.4447240401299786,1.3004206720669533,0.026254570559114596,2.364326757777383,0.03868729048243584,0.005291,0.9339189862669011
PGE,,2038-12-01T00:00,2038,4,12,0.5364995099074,0.4447240401299786,1.3004206720669533,0.026254570559114596,2.3203315125867676,0.03868729048243584,0.005291,0.9339189862669011
PGE,,2038-11-01T00:00,2038,4,11,0.4852897629619284,0.4447240401299786,1.3004206720669533,0.026254570559114596,2.269121765641296,0.03868729048243584,0.005291,0.9339189862669011
PGE,,2038-01-01T00:00,2038,1,1,0.5686955563172713,0.4447240401299786,1.3004206720669533,0.026254570559114596,2.352527558996639,0.03868729048243584,0.005291,0.9339189862669011
PGE,,2041-12-01T00:00,2041,4,12,0.5695323449272095,0.46623000154192556,1.4230099087714574,0.02829909386290327,2.500472243227581,0.041699987053069716,0.005291,0.9339189862669011
PGE,,2041-03-01T00:00,2041,1,3,0.550094996325383,0.46623000154192556,1.4230099087714574,0.02829909386290327,2.4810348936918354,0.041699987053069716,0.005291,0.9339189862669011
PGE,,2041-11-01T00:00,2041,4,11,0.5151321224607163,0.46623000154192556,1.4230099087714574,0.02829909386290327,2.446072020761088,0.041699987053069716,0.005291,0.9339189862669011
PGE,,2041-01-01T00:00,2041,1,1,0.6032242689896832,0.46623000154192556,1.4230099087714574,0.02829909386290327,2.5341641663561356,0.041699987053069716,0.005291,0.9339189862669011
PGE,,2041-02-01T00:00,2041,1,2,0.6157830278176342,0.46623000154192556,1.4230099087714574,0.02829909386290327,2.5467229261180058,0.041699987053069716,0.005291,0.9339189862669011
PGE,,2044-03-01T00:00,2044,1,3,0.5816552512356216,0.48773596295387256,1.5455445102813454,0.030341552271813312,2.6596453663204045,0.04470964091564633,0.005291,0.9339189862669011
PGE,,2044-02-01T00:00,2044,1,2,0.6510713014711719,0.48773596295387256,1.5455445102813454,0.030341552271813312,2.729061416555955,0.04470964091564633,0.005291,0.9339189862669011
PGE,,2044-01-01T00:00,2044,1,1,0.6377529816620952,0.48773596295387256,1.5455445102813454,0.030341552271813312,2.7157430967468783,0.04470964091564633,0.005291,0.9339189862669011
PGE,,2044-11-01T00:00,2044,4,11,0.5449744828934231,0.48773596295387256,1.5455445102813454,0.030341552271813312,2.6229645979782066,0.04470964091564633,0.005291,0.9339189862669011
PGE,,2044-12-01T00:00,2044,4,12,0.602565180880938,0.48773596295387256,1.5455445102813454,0.030341552271813312,2.6805552959657213,0.04470964091564633,0.005291,0.9339189862669011
PGE,,2020-12-01T00:00,2020,4,12,0.30894160634650214,0.31584332649191066,0.57062242450717,0.014123732476752233,1.2162193123518072,0.020811955006224205,0.005291,0.9339189862669011
PGE,,2020-03-01T00:00,2020,1,3,0.19994094599340187,0.31584332649191066,0.57062242450717,0.014123732476752233,1.1072186519987068,0.020811955006224205,0.005291,0.9339189862669011
PGE,,2020-11-01T00:00,2020,4,11,0.2947167192365094,0.31584332649191066,0.57062242450717,0.014123732476752233,1.2019944252418142,0.020811955006224205,0.005291,0.9339189862669011
PGE,,2020-02-01T00:00,2020,1,2,0.21757191222766692,0.31584332649191066,0.57062242450717,0.014123732476752233,1.124849618232972,0.020811955006224205,0.005291,0.9339189862669011
PGE,,2020-01-01T00:00,2020,1,1,0.25243509397622554,0.31584332649191066,0.57062242450717,0.014123732476752233,1.1597127999815304,0.020811955006224205,0.005291,0.9339189862669011
PGE,,2024-01-01T00:00,2024,1,1,0.2961700531436114,0.3445192949564511,0.7414238279992234,0.017124431924088527,1.4073467957618033,0.02523361966251748,0.005291,0.9339189862669011
PGE,,2024-02-01T00:00,2024,1,2,0.2831533060483092,0.3445192949564511,0.7414238279992234,0.017124431924088527,1.3943300486665011,0.02523361966251748,0.005291,0.9339189862669011
PGE,,2024-12-01T00:00,2024,4,12,0.2977681547666936,0.3445192949564511,0.7414238279992234,0.017124431924088527,1.4089448973848855,0.02523361966251748,0.005291,0.9339189862669011
PGE,,2024-11-01T00:00,2024,4,11,0.28506876735170966,0.3445192949564511,0.7414238279992234,0.017124431924088527,1.3962455099699016,0.02523361966251748,0.005291,0.9339189862669011
PGE,,2024-03-01T00:00,2024,1,3,0.23697095147267674,0.3445192949564511,0.7414238279992234,0.017124431924088527,1.3481476940908688,0.02523361966251748,0.005291,0.9339189862669011
SDGE,,2028-11-01T00:00,2028,4,11,0.3873317691012361,0.37164066023046416,0.8886138610248452,0.019372874013395425,1.6761330919522381,0.028546800665270777,0.005291,0.9304219216089784
SDGE,,2028-03-01T00:00,2028,1,3,0.4133865146657625,0.37164066023046416,0.8886138610248452,0.019372874013395425,1.7021878375167645,0.028546800665270777,0.005291,0.9304219216089784
SDGE,,2028-01-01T00:00,2028,1,1,0.4533299734325364,0.37164066023046416,0.8886138610248452,0.019372874013395425,1.7421312962835385,0.028546800665270777,0.005291,0.9304219216089784
SDGE,,2028-12-01T00:00,2028,4,12,0.4282553464157179,0.37164066023046416,0.8886138610248452,0.019372874013395425,1.71705666926672,0.028546800665270777,0.005291,0.9304219216089784
SDGE,,2028-02-01T00:00,2028,1,2,0.46275895385451665,0.37164066023046416,0.8886138610248452,0.019372874013395425,1.7515602767055187,0.028546800665270777,0.005291,0.9304219216089784
SDGE,,2044-02-01T00:00,2044,1,2,0.6486333614874655,0.4859096330221279,1.5397572105651722,0.030227938166439563,2.7188424314303963,0.044542225425209095,0.005291,0.9304219216089784
SDGE,,2044-12-01T00:00,2044,4,12,0.6003088723261922,0.4859096330221279,1.5397572105651722,0.030227938166439563,2.6705179422691234,0.044542225425209095,0.005291,0.9304219216089784
SDGE,,2044-01-01T00:00,2044,1,1,0.6353649121984148,0.4859096330221279,1.5397572105651722,0.030227938166439563,2.705573982141346,0.044542225425209095,0.005291,0.9304219216089784
SDGE,,2044-11-01T00:00,2044,4,11,0.5429338230164735,0.4859096330221279,1.5397572105651722,0.030227938166439563,2.613142892959405,0.044542225425209095,0.005291,0.9304219216089784
SDGE,,2044-03-01T00:00,2044,1,3,0.5794772400246899,0.4859096330221279,1.5397572105651722,0.030227938166439563,2.649686309967621,0.044542225425209095,0.005291,0.9304219216089784
SCE,,2021-01-01T00:00,2021,1,1,0.2807819679110598,0.3001642603836347,0.572685025730357,0.01403099141635556,1.17430655090507,0.020675296880018554,0.005291,0.8684823959578722
SCE,,2021-11-01T00:00,2021,4,11,0.274042442037504,0.3001642603836347,0.572685025730357,0.01403099141635556,1.1675670250315142,0.020675296880018554,0.005291,0.8684823959578722
SCE,,2021-02-01T00:00,2021,1,2,0.24952840606930227,0.3001642603836347,0.572685025730357,0.01403099141635556,1.1430529890633125,0.020675296880018554,0.005291,0.8684823959578722
SCE,,2021-03-01T00:00,2021,1,3,0.21973166091603155,0.3001642603836347,0.572685025730357,0.01403099141635556,1.1132562439100417,0.020675296880018554,0.005291,0.8684823959578722
SCE,,2021-12-01T00:00,2021,4,12,0.28512674997930776,0.3001642603836347,0.572685025730357,0.01403099141635556,1.178651332973318,0.020675296880018554,0.005291,0.8684823959578722
SDGE,,2035-02-01T00:00,2035,1,2,0.5432158339009132,0.4216333363501794,1.1734210392294178,0.02411939260340406,2.173811218753465,0.03554100927295434,0.005291,0.9304219216089784
SDGE,,2035-11-01T00:00,2035,4,11,0.45381705861271787,0.4216333363501794,1.1734210392294178,0.02411939260340406,2.0844124443956913,0.03554100927295434,0.005291,0.9304219216089784
SDGE,,2035-01-01T00:00,2035,1,1,0.5322191455750714,0.4216333363501794,1.1734210392294178,0.02411939260340406,2.1628145304276227,0.03554100927295434,0.005291,0.9304219216089784
SDGE,,2035-03-01T00:00,2035,1,3,0.48519404738306227,0.4216333363501794,1.1734210392294178,0.02411939260340406,2.115789433166036,0.03554100927295434,0.005291,0.9304219216089784
SDGE,,2035-12-01T00:00,2035,4,12,0.5016672475214344,0.4216333363501794,1.1734210392294178,0.02411939260340406,2.132262632373986,0.03554100927295434,0.005291,0.9304219216089784
SDGE,,2039-12-01T00:00,2039,4,12,0.5454602990762079,0.4502005793154898,1.3362068770797104,0.026833158874270575,2.371407621399558,0.039539865928149884,0.005291,0.9304219216089784
SDGE,,2039-11-01T00:00,2039,4,11,0.4933827977136639,0.4502005793154898,1.3362068770797104,0.026833158874270575,2.3193301200370144,0.039539865928149884,0.005291,0.9304219216089784
SDGE,,2039-02-01T00:00,2039,1,2,0.5900398009252843,0.4502005793154898,1.3362068770797104,0.026833158874270575,2.4159871232486343,0.039539865928149884,0.005291,0.9304219216089784
SDGE,,2039-03-01T00:00,2039,1,3,0.527073778367817,0.4502005793154898,1.3362068770797104,0.026833158874270575,2.3530211006911674,0.039539865928149884,0.005291,0.9304219216089784
SDGE,,2039-01-01T00:00,2039,1,1,0.5780325459943499,0.4502005793154898,1.3362068770797104,0.026833158874270575,2.4039798683177,0.039539865928149884,0.005291,0.9304219216089784
PGE,,2046-02-01T00:00,2046,1,2,0.6745968169288907,0.5020732714957562,1.627270668084348,0.03170456780767243,2.8506588621163704,0.04671810560737525,0.005291,0.9339189862669011
PGE,,2046-11-01T00:00,2046,4,11,0.5648693892259484,0.5020732714957562,1.627270668084348,0.03170456780767243,2.7409314334795085,0.04671810560737525,0.005291,0.9339189862669011
PGE,,2046-01-01T00:00,2046,1,1,0.6607721234437031,0.5020732714957562,1.627270668084348,0.03170456780767243,2.8368341686311824,0.04671810560737525,0.005291,0.9339189862669011
PGE,,2046-03-01T00:00,2046,1,3,0.6026954205531678,0.5020732714957562,1.627270668084348,0.03170456780767243,2.778757465740647,0.04671810560737525,0.005291,0.9339189862669011
PGE,,2046-12-01T00:00,2046,4,12,0.6245870718280633,0.5020732714957562,1.627270668084348,0.03170456780767243,2.800649116081624,0.04671810560737525,0.005291,0.9339189862669011
SDGE,,2030-03-01T00:00,2030,1,3,0.43598515403800087,0.38592428264354134,0.9697074166967138,0.020718440892207115,1.8221464073494456,0.030529554901611394,0.005291,0.9304219216089784
SDGE,,2030-02-01T00:00,2030,1,2,0.4879961497720102,0.38592428264354134,0.9697074166967138,0.020718440892207115,1.874157403083455,0.030529554901611394,0.005291,0.9304219216089784
SDGE,,2030-01-01T00:00,2030,1,1,0.47799364052995563,0.38592428264354134,0.9697074166967138,0.020718440892207115,1.8641548938414,0.030529554901611394,0.005291,0.9304219216089784
SDGE,,2030-12-01T00:00,2030,4,12,0.4496808614472517,0.38592428264354134,0.9697074166967138,0.020718440892207115,1.8358421147586963,0.030529554901611394,0.005291,0.9304219216089784
SDGE,,2030-11-01T00:00,2030,4,11,0.4068461249328752,0.38592428264354134,0.9697074166967138,0.020718440892207115,1.7930073782443199,0.030529554901611394,0.005291,0.9304219216089784
PGE,,2049-02-01T00:00,2049,1,2,0.7098850896485094,0.5235792329077031,1.749859904788852,0.03374909111146111,3.0330550295230734,0.04973080311192811,0.005291,0.9339189862669011
PGE,,2049-12-01T00:00,2049,4,12,0.6576199068478729,0.5235792329077031,1.749859904788852,0.03374909111146111,2.980789846722437,0.04973080311192811,0.005291,0.9339189862669011
PGE,,2049-01-01T00:00,2049,1,1,0.695300836116115,0.5235792329077031,1.749859904788852,0.03374909111146111,3.018470775990679,0.04973080311192811,0.005291,0.9339189862669011
PGE,,2049-11-01T00:00,2049,4,11,0.5947117487247362,0.5235792329077031,1.749859904788852,0.03374909111146111,2.9178816885993006,0.04973080311192811,0.005291,0.9339189862669011
PGE,,2049-03-01T00:00,2049,1,3,0.6342556754634063,0.5235792329077031,1.749859904788852,0.03374909111146111,2.9574256153379705,0.04973080311192811,0.005291,0.9339189862669011
PGE,,2026-01-01T00:00,2026,1,1,0.3756019511684646,0.3587001935482717,0.813997392953013,0.01822517032143938,1.575155145801261,0.026855607197592467,0.005291,0.9339189862669011
PGE,,2026-11-01T00:00,2026,4,11,0.336928177295517,0.3587001935482717,0.813997392953013,0.01822517032143938,1.5364813719283132,0.026855607197592467,0.005291,0.9339189862669011
PGE,,2026-03-01T00:00,2026,1,3,0.32595560608614055,0.3587001935482717,0.813997392953013,0.01822517032143938,1.5255088007189366,0.026855607197592467,0.005291,0.9339189862669011
PGE,,2026-12-01T00:00,2026,4,12,0.3638165659834464,0.3587001935482717,0.813997392953013,0.01822517032143938,1.5633697606162427,0.026855607197592467,0.005291,0.9339189862669011
PGE,,2026-02-01T00:00,2026,1,2,0.37382578855146076,0.3587001935482717,0.813997392953013,0.01822517032143938,1.5733789831842568,0.026855607197592467,0.005291,0.9339189862669011
SDGE,,2027-11-01T00:00,2027,4,11,0.36149915804880617,0.3644988494891366,0.8488290987427086,0.01872889457583875,1.6024249752106048,0.027597867999531386,0.005291,0.9304219216089784
SDGE,,2027-01-01T00:00,2027,1,1,0.4137627410044062,0.3644988494891366,0.8488290987427086,0.01872889457583875,1.6546885581662047,0.027597867999531386,0.005291,0.9304219216089784
SDGE,,2027-12-01T00:00,2027,4,12,0.3953547991921142,0.3644988494891366,0.8488290987427086,0.01872889457583875,1.6362806163539125,0.027597867999531386,0.005291,0.9304219216089784
SDGE,,2027-02-01T00:00,2027,1,2,0.41759247486691087,0.3644988494891366,0.8488290987427086,0.01872889457583875,1.6585182920287094,0.027597867999531386,0.005291,0.9304219216089784
SDGE,,2027-03-01T00:00,2027,1,3,0.36906078911749257,0.3644988494891366,0.8488290987427086,0.01872889457583875,1.6099866062792911,0.027597867999531386,0.005291,0.9304219216089784
PGE,,2029-01-01T00:00,2029,1,1,0.4672024269419152,0.3802061549602187,0.9323797915838776,0.020110674305517405,1.8094223579145023,0.029633983494571973,0.005291,0.9339189862669011
PGE,,2029-02-01T00:00,2029,1,2,0.47696854199253336,0.3802061549602187,0.9323797915838776,0.020110674305517405,1.8191884729651207,0.029633983494571973,0.005291,0.9339189862669011
PGE,,2029-11-01T00:00,2029,4,11,0.39924408695783653,0.3802061549602187,0.9323797915838776,0.020110674305517405,1.7414640169965048,0.029633983494571973,0.005291,0.9339189862669011
PGE,,2029-12-01T00:00,2029,4,12,0.4414362698628866,0.3802061549602187,0.9323797915838776,0.020110674305517405,1.783656200835474,0.029633983494571973,0.005291,0.9339189862669011
PGE,,2029-03-01T00:00,2029,1,3,0.42612343624389787,0.3802061549602187,0.9323797915838776,0.020110674305517405,1.7683433672164852,0.029633983494571973,0.005291,0.9339189862669011
SCE,,2028-02-01T00:00,2028,1,2,0.4319524246586182,0.3469000069067208,0.8294575581040201,0.018083193924158827,1.6349563896207788,0.026646399082937196,0.005291,0.8684823959578722
SCE,,2028-01-01T00:00,2028,1,1,0.4231511450260831,0.3469000069067208,0.8294575581040201,0.018083193924158827,1.6261551099882436,0.026646399082937196,0.005291,0.8684823959578722
SCE,,2028-12-01T00:00,2028,4,12,0.3997457719974062,0.3469000069067208,0.8294575581040201,0.018083193924158827,1.602749736959567,0.026646399082937196,0.005291,0.8684823959578722
SCE,,2028-03-01T00:00,2028,1,3,0.38586677976454403,0.3469000069067208,0.8294575581040201,0.018083193924158827,1.5888707447267045,0.026646399082937196,0.005291,0.8684823959578722
SCE,,2028-11-01T00:00,2028,4,11,0.36154653608969395,0.3469000069067208,0.8294575581040201,0.018083193924158827,1.5645505010518543,0.026646399082937196,0.005291,0.8684823959578722
SCE,,2025-02-01T00:00,2025,1,2,0.3054733801183648,0.32690089652447674,0.7220117438547934,0.016429665104505154,1.37859586963817,0.024209850009017486,0.005291,0.8684823959578722
SCE,,2025-12-01T00:00,2025,4,12,0.3076148423231627,0.32690089652447674,0.7220117438547934,0.016429665104505154,1.3807373318429679,0.024209850009017486,0.005291,0.8684823959578722
SCE,,2025-01-01T00:00,2025,1,1,0.31235158960331916,0.32690089652447674,0.7220117438547934,0.016429665104505154,1.3854740791231244,0.024209850009017486,0.005291,0.8684823959578722
SCE,,2025-11-01T00:00,2025,4,11,0.28920784602794214,0.32690089652447674,0.7220117438547934,0.016429665104505154,1.3623303364162298,0.024209850009017486,0.005291,0.8684823959578722
SCE,,2025-03-01T00:00,2025,1,3,0.26174208504488006,0.32690089652447674,0.7220117438547934,0.016429665104505154,1.3348645754331676,0.024209850009017486,0.005291,0.8684823959578722
SCE,,2043-01-01T00:00,2043,1,1,0.5823646224535018,0.44689555968642364,1.399253419080427,0.027581864052165714,2.4691567187988532,0.040643116710018676,0.005291,0.8684823959578722
SCE,,2043-11-01T00:00,2043,4,11,0.49753946830649626,0.44689555968642364,1.399253419080427,0.027581864052165714,2.384331564651848,0.040643116710018676,0.005291,0.8684823959578722
SCE,,2043-03-01T00:00,2043,1,3,0.5311176292358872,0.44689555968642364,1.399253419080427,0.027581864052165714,2.417909724712757,0.040643116710018676,0.005291,0.8684823959578722
SCE,,2043-12-01T00:00,2043,4,12,0.5501060024111628,0.44689555968642364,1.399253419080427,0.027581864052165714,2.4368980978880326,0.040643116710018676,0.005291,0.8684823959578722
SCE,,2043-02-01T00:00,2043,1,2,0.5945143246733814,0.44689555968642364,1.399253419080427,0.027581864052165714,2.481306421018733,0.040643116710018676,0.005291,0.8684823959578722
SCE,,2034-12-01T00:00,2034,4,12,0.45779080856393367,0.38689822853969136,1.0574063860529845,0.02188381445150102,1.9343422075208563,0.03224678436424684,0.005291,0.8684823959578722
SCE,,2034-11-01T00:00,2034,4,11,0.4141450894033347,0.38689822853969136,1.0574063860529845,0.02188381445150102,1.8906964883602577,0.03224678436424684,0.005291,0.8684823959578722
SCE,,2034-03-01T00:00,2034,1,3,0.44299048330739005,0.38689822853969136,1.0574063860529845,0.02188381445150102,1.9195418822643129,0.03224678436424684,0.005291,0.8684823959578722
SCE,,2034-01-01T00:00,2034,1,1,0.4859384254978511,0.38689822853969136,1.0574063860529845,0.02188381445150102,1.9624898244547737,0.03224678436424684,0.005291,0.8684823959578722
SCE,,2034-02-01T00:00,2034,1,2,0.4959721146525815,0.38689822853969136,1.0574063860529845,0.02188381445150102,1.9725235136095043,0.03224678436424684,0.005291,0.8684823959578722
SCE,,2040-01-01T00:00,2040,1,1,0.5502552215825067,0.4268964493041796,1.2852536024301042,0.02568059368120589,2.3002467821940904,0.03784150887729964,0.005291,0.8684823959578722
SCE,,2040-03-01T00:00,2040,1,3,0.5017686961865148,0.4268964493041796,1.2852536024301042,0.02568059368120589,2.2517602567980983,0.03784150887729964,0.005291,0.8684823959578722
SCE,,2040-12-01T00:00,2040,4,12,0.5193876671634213,0.4268964493041796,1.2852536024301042,0.02568059368120589,2.2693792286434875,0.03784150887729964,0.005291,0.8684823959578722
SCE,,2040-02-01T00:00,2040,1,2,0.5616985835958241,0.4268964493041796,1.2852536024301042,0.02568059368120589,2.311690144207408,0.03784150887729964,0.005291,0.8684823959578722
SCE,,2040-11-01T00:00,2040,4,11,0.46978806346340357,0.4268964493041796,1.2852536024301042,0.02568059368120589,2.2197796249434694,0.03784150887729964,0.005291,0.8684823959578722
SCE,,2037-01-01T00:00,2037,1,1,0.5181458207115116,0.40689733892193547,1.1713553973516264,0.023783163739400988,2.1314441187979107,0.03504556181283745,0.005291,0.8684823959578722
SCE,,2037-11-01T00:00,2037,4,11,0.44203665862031094,0.40689733892193547,1.1713553973516264,0.023783163739400988,2.05533495670671,0.03504556181283745,0.005291,0.8684823959578722
SCE,,2037-02-01T00:00,2037,1,2,0.5288828416497845,0.40689733892193547,1.1713553973516264,0.023783163739400988,2.142181139736184,0.03504556181283745,0.005291,0.8684823959578722
SCE,,2037-03-01T00:00,2037,1,3,0.4724197631371422,0.40689733892193547,1.1713553973516264,0.023783163739400988,2.0857180612235413,0.03504556181283745,0.005291,0.8684823959578722
SCE,,2037-12-01T00:00,2037,4,12,0.4886693327841624,0.40689733892193547,1.1713553973516264,0.023783163739400988,2.101967630002079,0.03504556181283745,0.005291,0.8684823959578722
SCE,,2031-12-01T00:00,2031,4,12,0.42883854876953814,0.3668991181574473,0.943711406723643,0.019994066236488365,1.7689112298814795,0.02946215623085118,0.005291,0.8684823959578722
SCE,,2031-01-01T00:00,2031,1,1,0.45556288806813583,0.3668991181574473,0.943711406723643,0.019994066236488365,1.7956355691800774,0.02946215623085118,0.005291,0.8684823959578722
SCE,,2031-03-01T00:00,2031,1,3,0.41523523716666005,0.3668991181574473,0.943711406723643,0.019994066236488365,1.7553079174101192,0.02946215623085118,0.005291,0.8684823959578722
SCE,,2031-02-01T00:00,2031,1,2,0.4649333528248514,0.3668991181574473,0.943711406723643,0.019994066236488365,1.8050060330683102,0.02946215623085118,0.005291,0.8684823959578722
SCE,,2031-11-01T00:00,2031,4,11,0.38798090474896435,0.3668991181574473,0.943711406723643,0.019994066236488365,1.7280535858609058,0.02946215623085118,0.005291,0.8684823959578722
SCE,,2049-02-01T00:00,2049,1,2,0.6601458076969781,0.4868937813193942,1.6272530541180374,0.03138440479408537,2.8205389737729014,0.04624633150697435,0.005291,0.8684823959578722
SCE,,2049-03-01T00:00,2049,1,3,0.58981549446615,0.4868937813193942,1.6272530541180374,0.03138440479408537,2.7502086605420737,0.04624633150697435,0.005291,0.8684823959578722
SCE,,2049-12-01T00:00,2049,4,12,0.6115426720381633,0.4868937813193942,1.6272530541180374,0.03138440479408537,2.771935838114087,0.04624633150697435,0.005291,0.8684823959578722
SCE,,2049-01-01T00:00,2049,1,1,0.6465834241954919,0.4868937813193942,1.6272530541180374,0.03138440479408537,2.8069765902714154,0.04624633150697435,0.005291,0.8684823959578722
SCE,,2049-11-01T00:00,2049,4,11,0.5530422788611639,0.4868937813193942,1.6272530541180374,0.03138440479408537,2.7134354449370877,0.04624633150697435,0.005291,0.8684823959578722
SDGE,,2043-12-01T00:00,2043,4,12,0.5893391578622797,0.4787678222808002,1.4990471436819954,0.029548982308005768,2.6106958777230416,0.04354175389796602,0.005291,0.9304219216089784
SDGE,,2043-03-01T00:00,2043,1,3,0.5689965478793997,0.4787678222808002,1.4990471436819954,0.029548982308005768,2.5903532677401615,0.04354175389796602,0.005291,0.9304219216089784
SDGE,,2043-01-01T00:00,2043,1,1,0.6238984389576019,0.4787678222808002,1.4990471436819954,0.029548982308005768,2.6452551597487854,0.04354175389796602,0.005291,0.9304219216089784
SDGE,,2043-11-01T00:00,2043,4,11,0.5330236172115741,0.4787678222808002,1.4990471436819954,0.029548982308005768,2.554380338002758,0.04354175389796602,0.005291,0.9304219216089784
SDGE,,2043-02-01T00:00,2043,1,2,0.6369146490028605,0.4787678222808002,1.4990471436819954,0.029548982308005768,2.6582713697940443,0.04354175389796602,0.005291,0.9304219216089784
SCE,,2046-01-01T00:00,2046,1,1,0.6144740233244967,0.4668946709371502,1.5132532365992324,0.02948313442312554,2.638066654535135,0.043444723674255316,0.005291,0.8684823959578722
SCE,,2046-12-01T00:00,2046,4,12,0.5808243376589042,0.4668946709371502,1.5132532365992324,0.02948313442312554,2.6044169680010594,0.043444723674255316,0.005291,0.8684823959578722
SCE,,2046-11-01T00:00,2046,4,11,0.5252908740180713,0.4668946709371502,1.5132532365992324,0.02948313442312554,2.5488835043602265,0.043444723674255316,0.005291,0.8684823959578722
SCE,,2046-02-01T00:00,2046,1,2,0.6273300666194209,0.4668946709371502,1.5132532365992324,0.02948313442312554,2.650922697830059,0.043444723674255316,0.005291,0.8684823959578722
SCE,,2046-03-01T00:00,2046,1,3,0.5604665614167774,0.4668946709371502,1.5132532365992324,0.02948313442312554,2.5840591926274152,0.043444723674255316,0.005291,0.8684823959578722
PGE,,2031-02-01T00:00,2031,1,2,0.499964176099338,0.3945434635021023,1.0148161947759362,0.02150053721047474,1.9410058424380165,0.03168200899455916,0.005291,0.9339189862669011
PGE,,2031-03-01T00:00,2031,1,3,0.4465215110425731,0.3945434635021023,1.0148161947759362,0.02150053721047474,1.887563177381252,0.03168200899455916,0.005291,0.9339189862669011
PGE,,2031-01-01T00:00,2031,1,1,0.4898876852145809,0.3945434635021023,1.0148161947759362,0.02150053721047474,1.9309293524871787,0.03168200899455916,0.005291,0.9339189862669011
PGE,,2031-12-01T00:00,2031,4,12,0.4611497764411143,0.3945434635021023,1.0148161947759362,0.02150053721047474,1.902191443713712,0.03168200899455916,0.005291,0.9339189862669011
PGE,,2031-11-01T00:00,2031,4,11,0.4172136763398992,0.3945434635021023,1.0148161947759362,0.02150053721047474,1.858255343612497,0.03168200899455916,0.005291,0.9339189862669011
SDGE,,2034-01-01T00:00,2034,1,1,0.5205951965631823,0.4144915256088518,1.1328198317110694,0.023444552001129538,2.1024531551884778,0.03454660130537439,0.005291,0.9304219216089784
SDGE,,2034-02-01T00:00,2034,1,2,0.5313444810479587,0.4144915256088518,1.1328198317110694,0.023444552001129538,2.113202439673254,0.03454660130537439,0.005291,0.9304219216089784
SDGE,,2034-12-01T00:00,2034,4,12,0.4904401122940485,0.4144915256088518,1.1328198317110694,0.023444552001129538,2.0722980709193437,0.03454660130537439,0.005291,0.9304219216089784
SDGE,,2034-11-01T00:00,2034,4,11,0.44368161254734767,0.4144915256088518,1.1328198317110694,0.023444552001129538,2.025539571172643,0.03454660130537439,0.005291,0.9304219216089784
SDGE,,2034-03-01T00:00,2034,1,3,0.4745842387268666,0.4144915256088518,1.1328198317110694,0.023444552001129538,2.0564421973521623,0.03454660130537439,0.005291,0.9304219216089784
PGE,,2034-02-01T00:00,2034,1,2,0.5333415814630498,0.4160494249140493,1.1370776249823416,0.023532670211072616,2.121145078808452,0.034676447449011515,0.005291,0.9339189862669011
PGE,,2034-01-01T00:00,2034,1,1,0.522551894939159,0.4160494249140493,1.1370776249823416,0.023532670211072616,2.110355392284561,0.034676447449011515,0.005291,0.9339189862669011
PGE,,2034-11-01T00:00,2034,4,11,0.4453492251116844,0.4160494249140493,1.1370776249823416,0.023532670211072616,2.033152722457087,0.034676447449011515,0.005291,0.9339189862669011
PGE,,2034-12-01T00:00,2034,4,12,0.4922834703918083,0.4160494249140493,1.1370776249823416,0.023532670211072616,2.0800869677372105,0.034676447449011515,0.005291,0.9339189862669011
PGE,,2034-03-01T00:00,2034,1,3,0.47636800126503726,0.4160494249140493,1.1370776249823416,0.023532670211072616,2.0641714986104396,0.034676447449011515,0.005291,0.9339189862669011
PGE,,2037-12-01T00:00,2037,4,12,0.5254885649007969,0.4375553863259963,1.2596122274261488,0.02557512768606367,2.2603422790306107,0.03768610131158813,0.005291,0.9339189862669011
PGE,,2037-02-01T00:00,2037,1,2,0.5687319969021964,0.4375553863259963,1.2596122274261488,0.02557512768606367,2.3035857119659293,0.03768610131158813,0.005291,0.9339189862669011
PGE,,2037-01-01T00:00,2037,1,1,0.5571859854264674,0.4375553863259963,1.2596122274261488,0.02557512768606367,2.2920397004902004,0.03768610131158813,0.005291,0.9339189862669011
PGE,,2037-03-01T00:00,2037,1,3,0.5080146567563713,0.4375553863259963,1.2596122274261488,0.02557512768606367,2.242868371820104,0.03768610131158813,0.005291,0.9339189862669011
PGE,,2037-11-01T00:00,2037,4,11,0.47534230979566583,0.4375553863259963,1.2596122274261488,0.02557512768606367,2.210196024859399,0.03768610131158813,0.005291,0.9339189862669011
PGE,,2040-03-01T00:00,2040,1,3,0.5395749116666098,0.4590613477379432,1.382092195609259,0.027615521200095076,2.4214211665460006,0.040692711532188515,0.005291,0.9339189862669011
PGE,,2040-11-01T00:00,2040,4,11,0.5051846692944537,0.4590613477379432,1.382092195609259,0.027615521200095076,2.3870309251077635,0.040692711532188515,0.005291,0.9339189862669011
PGE,,2040-01-01T00:00,2040,1,1,0.5917146980988792,0.4590613477379432,1.382092195609259,0.027615521200095076,2.47356095297827,0.040692711532188515,0.005291,0.9339189862669011
PGE,,2040-02-01T00:00,2040,1,2,0.6040202705557342,0.4590613477379432,1.382092195609259,0.027615521200095076,2.4858665254351253,0.040692711532188515,0.005291,0.9339189862669011
PGE,,2040-12-01T00:00,2040,4,12,0.5585213999206062,0.4590613477379432,1.382092195609259,0.027615521200095076,2.4403676557339162,0.040692711532188515,0.005291,0.9339189862669011
SDGE,,2023-12-01T00:00,2023,4,12,0.2993631379053705,0.33585267976263794,0.698593869199663,0.016533604059944997,1.35817269649492,0.024363008696826623,0.005291,0.9304219216089784
SDGE,,2023-11-01T00:00,2023,4,11,0.28667882052461285,0.33585267976263794,0.698593869199663,0.016533604059944997,1.3454883791141623,0.024363008696826623,0.005291,0.9304219216089784
SDGE,,2023-02-01T00:00,2023,1,2,0.27883105866321783,0.33585267976263794,0.698593869199663,0.016533604059944997,1.3376406172527673,0.024363008696826623,0.005291,0.9304219216089784
SDGE,,2023-01-01T00:00,2023,1,1,0.2920989934289459,0.33585267976263794,0.698593869199663,0.016533604059944997,1.3509085520184954,0.024363008696826623,0.005291,0.9304219216089784
SDGE,,2023-03-01T00:00,2023,1,3,0.23327228681122603,0.33585267976263794,0.698593869199663,0.016533604059944997,1.2920818454007754,0.024363008696826623,0.005291,0.9304219216089784
SDGE,,2020-11-01T00:00,2020,4,11,0.29361315089910933,0.31466064946022226,0.5684857257751541,0.01407084608466823,1.1974935506634576,0.02073402452897214,0.005291,0.9304219216089784
SDGE,,2020-03-01T00:00,2020,1,3,0.19919226604772475,0.31466064946022226,0.5684857257751541,0.01407084608466823,1.103072665812073,0.02073402452897214,0.005291,0.9304219216089784
SDGE,,2020-12-01T00:00,2020,4,12,0.30778477284295086,0.31466064946022226,0.5684857257751541,0.01407084608466823,1.2116651726072993,0.02073402452897214,0.005291,0.9304219216089784
SDGE,,2020-02-01T00:00,2020,1,2,0.2167572130342718,0.31466064946022226,0.5684857257751541,0.01407084608466823,1.1206376127986204,0.02073402452897214,0.005291,0.9304219216089784
SDGE,,2020-01-01T00:00,2020,1,1,0.2514898494116061,0.31466064946022226,0.5684857257751541,0.01407084608466823,1.1553702491759545,0.02073402452897214,0.005291,0.9304219216089784
PGE,,2043-02-01T00:00,2043,1,2,0.6393085432753529,0.48056730914989015,1.5046814313798442,0.029660044503883754,2.668262693775748,0.04370540903674137,0.005291,0.9339189862669011
PGE,,2043-12-01T00:00,2043,4,12,0.5915542358743348,0.48056730914989015,1.5046814313798442,0.029660044503883754,2.620508385440811,0.04370540903674137,0.005291,0.9339189862669011
PGE,,2043-03-01T00:00,2043,1,3,0.5711351665768483,0.48056730914989015,1.5046814313798442,0.029660044503883754,2.600089316143324,0.04370540903674137,0.005291,0.9339189862669011
PGE,,2043-11-01T00:00,2043,4,11,0.5350270287932416,0.48056730914989015,1.5046814313798442,0.029660044503883754,2.5639811792936364,0.04370540903674137,0.005291,0.9339189862669011
PGE,,2043-01-01T00:00,2043,1,1,0.6262434107712912,0.48056730914989015,1.5046814313798442,0.029660044503883754,2.655197561271686,0.04370540903674137,0.005291,0.9339189862669011
SDGE,,2050-03-01T00:00,2050,1,3,0.6423613938268528,0.5287604984005155,1.7840176109338104,0.034301673317042355,3.005684561471534,0.05054505737993332,0.005291,0.9304219216089784
SDGE,,2050-11-01T00:00,2050,4,11,0.602395052263339,0.5287604984005155,1.7840176109338104,0.034301673317042355,2.9657182189775986,0.05054505737993332,0.005291,0.9304219216089784
SDGE,,2050-01-01T00:00,2050,1,1,0.7041637516432926,0.5287604984005155,1.7840176109338104,0.034301673317042355,3.067486919287974,0.05054505737993332,0.005291,0.9304219216089784
SDGE,,2050-12-01T00:00,2050,4,12,0.666127160040089,0.5287604984005155,1.7840176109338104,0.034301673317042355,3.02945032768477,0.05054505737993332,0.005291,0.9304219216089784
SDGE,,2050-02-01T00:00,2050,1,2,0.7189456336038298,0.5287604984005155,1.7840176109338104,0.034301673317042355,3.082268800318089,0.05054505737993332,0.005291,0.9304219216089784
